"Year","Type","Season","Series_Length","Conference","Series_Type","Team","Opponent","Seed","Opp_Seed","Series_Wins","Series_Losses","Won_Series","Team_Link","Opp_Link"
"2017","Eastern Conf First Round","2016-2017",7,"Eastern","First","Boston Celtics","Chicago Bulls",1,8,4,2,TRUE,"/teams/BOS/2017.html","/teams/CHI/2017.html"
"2017","Eastern Conf First Round","2016-2017",7,"Eastern","First","Cleveland Cavaliers","Indiana Pacers",2,7,4,0,TRUE,"/teams/CLE/2017.html","/teams/IND/2017.html"
"2017","Eastern Conf First Round","2016-2017",7,"Eastern","First","Toronto Raptors","Milwaukee Bucks",3,6,4,2,TRUE,"/teams/TOR/2017.html","/teams/MIL/2017.html"
"2017","Eastern Conf First Round","2016-2017",7,"Eastern","First","Washington Wizards","Atlanta Hawks",4,5,4,2,TRUE,"/teams/WAS/2017.html","/teams/ATL/2017.html"
"2017","Western Conf First Round","2016-2017",7,"Western","First","Golden State Warriors","Portland Trail Blazers",1,8,4,0,TRUE,"/teams/GSW/2017.html","/teams/POR/2017.html"
"2017","Western Conf First Round","2016-2017",7,"Western","First","San Antonio Spurs","Memphis Grizzlies",2,7,4,2,TRUE,"/teams/SAS/2017.html","/teams/MEM/2017.html"
"2017","Western Conf First Round","2016-2017",7,"Western","First","Houston Rockets","Oklahoma City Thunder",3,6,4,1,TRUE,"/teams/HOU/2017.html","/teams/OKC/2017.html"
"2017","Western Conf First Round","2016-2017",7,"Western","First","Los Angeles Clippers","Utah Jazz",4,5,3,4,FALSE,"/teams/LAC/2017.html","/teams/UTA/2017.html"
"2017","Eastern Conf Semifinals","2016-2017",7,"Eastern","Semifinals","Cleveland Cavaliers","Toronto Raptors",2,3,4,0,TRUE,"/teams/CLE/2017.html","/teams/TOR/2017.html"
"2017","Eastern Conf Semifinals","2016-2017",7,"Eastern","Semifinals","Boston Celtics","Washington Wizards",1,4,4,3,TRUE,"/teams/BOS/2017.html","/teams/WAS/2017.html"
"2017","Western Conf Semifinals","2016-2017",7,"Western","Semifinals","Golden State Warriors","Utah Jazz",1,5,4,0,TRUE,"/teams/GSW/2017.html","/teams/UTA/2017.html"
"2017","Western Conf Semifinals","2016-2017",7,"Western","Semifinals","San Antonio Spurs","Houston Rockets",2,3,4,2,TRUE,"/teams/SAS/2017.html","/teams/HOU/2017.html"
"2017","Western Conf Finals","2016-2017",7,"Western","Finals","Golden State Warriors","San Antonio Spurs",1,2,4,0,TRUE,"/teams/GSW/2017.html","/teams/SAS/2017.html"
"2017","Eastern Conf Finals","2016-2017",7,"Eastern","Finals","Boston Celtics","Cleveland Cavaliers",1,2,1,4,FALSE,"/teams/BOS/2017.html","/teams/CLE/2017.html"
"2016","Eastern Conf First Round","2015-2016",7,"Eastern","First","Cleveland Cavaliers","Detroit Pistons",1,8,4,0,TRUE,"/teams/CLE/2016.html","/teams/DET/2016.html"
"2016","Eastern Conf First Round","2015-2016",7,"Eastern","First","Toronto Raptors","Indiana Pacers",2,7,4,3,TRUE,"/teams/TOR/2016.html","/teams/IND/2016.html"
"2016","Eastern Conf First Round","2015-2016",7,"Eastern","First","Miami Heat","Charlotte Hornets",3,6,4,3,TRUE,"/teams/MIA/2016.html","/teams/CHO/2016.html"
"2016","Eastern Conf First Round","2015-2016",7,"Eastern","First","Atlanta Hawks","Boston Celtics",4,5,4,2,TRUE,"/teams/ATL/2016.html","/teams/BOS/2016.html"
"2016","Western Conf First Round","2015-2016",7,"Western","First","Golden State Warriors","Houston Rockets",1,8,4,1,TRUE,"/teams/GSW/2016.html","/teams/HOU/2016.html"
"2016","Western Conf First Round","2015-2016",7,"Western","First","San Antonio Spurs","Memphis Grizzlies",2,7,4,0,TRUE,"/teams/SAS/2016.html","/teams/MEM/2016.html"
"2016","Western Conf First Round","2015-2016",7,"Western","First","Oklahoma City Thunder","Dallas Mavericks",3,6,4,1,TRUE,"/teams/OKC/2016.html","/teams/DAL/2016.html"
"2016","Western Conf First Round","2015-2016",7,"Western","First","Los Angeles Clippers","Portland Trail Blazers",4,5,2,4,FALSE,"/teams/LAC/2016.html","/teams/POR/2016.html"
"2016","Eastern Conf Semifinals","2015-2016",7,"Eastern","Semifinals","Cleveland Cavaliers","Atlanta Hawks",1,4,4,0,TRUE,"/teams/CLE/2016.html","/teams/ATL/2016.html"
"2016","Eastern Conf Semifinals","2015-2016",7,"Eastern","Semifinals","Toronto Raptors","Miami Heat",2,3,4,3,TRUE,"/teams/TOR/2016.html","/teams/MIA/2016.html"
"2016","Western Conf Semifinals","2015-2016",7,"Western","Semifinals","Golden State Warriors","Portland Trail Blazers",1,5,4,1,TRUE,"/teams/GSW/2016.html","/teams/POR/2016.html"
"2016","Western Conf Semifinals","2015-2016",7,"Western","Semifinals","San Antonio Spurs","Oklahoma City Thunder",2,3,2,4,FALSE,"/teams/SAS/2016.html","/teams/OKC/2016.html"
"2016","Eastern Conf Finals","2015-2016",7,"Eastern","Finals","Cleveland Cavaliers","Toronto Raptors",1,2,4,2,TRUE,"/teams/CLE/2016.html","/teams/TOR/2016.html"
"2016","Western Conf Finals","2015-2016",7,"Western","Finals","Golden State Warriors","Oklahoma City Thunder",1,3,4,3,TRUE,"/teams/GSW/2016.html","/teams/OKC/2016.html"
"2015","Eastern Conf First Round","2014-2015",7,"Eastern","First","Atlanta Hawks","Brooklyn Nets",1,8,4,2,TRUE,"/teams/ATL/2015.html","/teams/BRK/2015.html"
"2015","Eastern Conf First Round","2014-2015",7,"Eastern","First","Cleveland Cavaliers","Boston Celtics",2,7,4,0,TRUE,"/teams/CLE/2015.html","/teams/BOS/2015.html"
"2015","Eastern Conf First Round","2014-2015",7,"Eastern","First","Chicago Bulls","Milwaukee Bucks",3,6,4,2,TRUE,"/teams/CHI/2015.html","/teams/MIL/2015.html"
"2015","Eastern Conf First Round","2014-2015",7,"Eastern","First","Toronto Raptors","Washington Wizards",4,5,0,4,FALSE,"/teams/TOR/2015.html","/teams/WAS/2015.html"
"2015","Western Conf First Round","2014-2015",7,"Western","First","Golden State Warriors","New Orleans Pelicans",1,8,4,0,TRUE,"/teams/GSW/2015.html","/teams/NOP/2015.html"
"2015","Western Conf First Round","2014-2015",7,"Western","First","Houston Rockets","Dallas Mavericks",2,7,4,1,TRUE,"/teams/HOU/2015.html","/teams/DAL/2015.html"
"2015","Western Conf First Round","2014-2015",7,"Western","First","Los Angeles Clippers","San Antonio Spurs",3,6,4,3,TRUE,"/teams/LAC/2015.html","/teams/SAS/2015.html"
"2015","Western Conf First Round","2014-2015",7,"Western","First","Portland Trail Blazers","Memphis Grizzlies",4,5,1,4,FALSE,"/teams/POR/2015.html","/teams/MEM/2015.html"
"2015","Eastern Conf Semifinals","2014-2015",7,"Eastern","Semifinals","Cleveland Cavaliers","Chicago Bulls",2,3,4,2,TRUE,"/teams/CLE/2015.html","/teams/CHI/2015.html"
"2015","Eastern Conf Semifinals","2014-2015",7,"Eastern","Semifinals","Atlanta Hawks","Washington Wizards",1,5,4,2,TRUE,"/teams/ATL/2015.html","/teams/WAS/2015.html"
"2015","Western Conf Semifinals","2014-2015",7,"Western","Semifinals","Houston Rockets","Los Angeles Clippers",2,3,4,3,TRUE,"/teams/HOU/2015.html","/teams/LAC/2015.html"
"2015","Western Conf Semifinals","2014-2015",7,"Western","Semifinals","Golden State Warriors","Memphis Grizzlies",1,5,4,2,TRUE,"/teams/GSW/2015.html","/teams/MEM/2015.html"
"2015","Eastern Conf Finals","2014-2015",7,"Eastern","Finals","Atlanta Hawks","Cleveland Cavaliers",1,2,0,4,FALSE,"/teams/ATL/2015.html","/teams/CLE/2015.html"
"2015","Western Conf Finals","2014-2015",7,"Western","Finals","Golden State Warriors","Houston Rockets",1,2,4,1,TRUE,"/teams/GSW/2015.html","/teams/HOU/2015.html"
"2014","Eastern Conf First Round","2013-2014",7,"Eastern","First","Indiana Pacers","Atlanta Hawks",1,8,4,3,TRUE,"/teams/IND/2014.html","/teams/ATL/2014.html"
"2014","Eastern Conf First Round","2013-2014",7,"Eastern","First","Miami Heat","Charlotte Bobcats",2,7,4,0,TRUE,"/teams/MIA/2014.html","/teams/CHA/2014.html"
"2014","Eastern Conf First Round","2013-2014",7,"Eastern","First","Toronto Raptors","Brooklyn Nets",3,6,3,4,FALSE,"/teams/TOR/2014.html","/teams/BRK/2014.html"
"2014","Eastern Conf First Round","2013-2014",7,"Eastern","First","Chicago Bulls","Washington Wizards",4,5,1,4,FALSE,"/teams/CHI/2014.html","/teams/WAS/2014.html"
"2014","Western Conf First Round","2013-2014",7,"Western","First","San Antonio Spurs","Dallas Mavericks",1,8,4,3,TRUE,"/teams/SAS/2014.html","/teams/DAL/2014.html"
"2014","Western Conf First Round","2013-2014",7,"Western","First","Oklahoma City Thunder","Memphis Grizzlies",2,7,4,3,TRUE,"/teams/OKC/2014.html","/teams/MEM/2014.html"
"2014","Western Conf First Round","2013-2014",7,"Western","First","Los Angeles Clippers","Golden State Warriors",3,6,4,3,TRUE,"/teams/LAC/2014.html","/teams/GSW/2014.html"
"2014","Western Conf First Round","2013-2014",7,"Western","First","Houston Rockets","Portland Trail Blazers",4,5,2,4,FALSE,"/teams/HOU/2014.html","/teams/POR/2014.html"
"2014","Eastern Conf Semifinals","2013-2014",7,"Eastern","Semifinals","Indiana Pacers","Washington Wizards",1,5,4,2,TRUE,"/teams/IND/2014.html","/teams/WAS/2014.html"
"2014","Eastern Conf Semifinals","2013-2014",7,"Eastern","Semifinals","Miami Heat","Brooklyn Nets",2,6,4,1,TRUE,"/teams/MIA/2014.html","/teams/BRK/2014.html"
"2014","Western Conf Semifinals","2013-2014",7,"Western","Semifinals","San Antonio Spurs","Portland Trail Blazers",1,5,4,1,TRUE,"/teams/SAS/2014.html","/teams/POR/2014.html"
"2014","Western Conf Semifinals","2013-2014",7,"Western","Semifinals","Oklahoma City Thunder","Los Angeles Clippers",2,3,4,2,TRUE,"/teams/OKC/2014.html","/teams/LAC/2014.html"
"2014","Eastern Conf Finals","2013-2014",7,"Eastern","Finals","Indiana Pacers","Miami Heat",1,2,2,4,FALSE,"/teams/IND/2014.html","/teams/MIA/2014.html"
"2014","Western Conf Finals","2013-2014",7,"Western","Finals","San Antonio Spurs","Oklahoma City Thunder",1,2,4,2,TRUE,"/teams/SAS/2014.html","/teams/OKC/2014.html"
"2013","Eastern Conf First Round","2012-2013",7,"Eastern","First","Miami Heat","Milwaukee Bucks",1,8,4,0,TRUE,"/teams/MIA/2013.html","/teams/MIL/2013.html"
"2013","Eastern Conf First Round","2012-2013",7,"Eastern","First","New York Knicks","Boston Celtics",2,7,4,2,TRUE,"/teams/NYK/2013.html","/teams/BOS/2013.html"
"2013","Eastern Conf First Round","2012-2013",7,"Eastern","First","Indiana Pacers","Atlanta Hawks",3,6,4,2,TRUE,"/teams/IND/2013.html","/teams/ATL/2013.html"
"2013","Eastern Conf First Round","2012-2013",7,"Eastern","First","Brooklyn Nets","Chicago Bulls",4,5,3,4,FALSE,"/teams/BRK/2013.html","/teams/CHI/2013.html"
"2013","Western Conf First Round","2012-2013",7,"Western","First","Oklahoma City Thunder","Houston Rockets",1,8,4,2,TRUE,"/teams/OKC/2013.html","/teams/HOU/2013.html"
"2013","Western Conf First Round","2012-2013",7,"Western","First","San Antonio Spurs","Los Angeles Lakers",2,7,4,0,TRUE,"/teams/SAS/2013.html","/teams/LAL/2013.html"
"2013","Western Conf First Round","2012-2013",7,"Western","First","Denver Nuggets","Golden State Warriors",3,6,2,4,FALSE,"/teams/DEN/2013.html","/teams/GSW/2013.html"
"2013","Western Conf First Round","2012-2013",7,"Western","First","Los Angeles Clippers","Memphis Grizzlies",4,5,2,4,FALSE,"/teams/LAC/2013.html","/teams/MEM/2013.html"
"2013","Eastern Conf Semifinals","2012-2013",7,"Eastern","Semifinals","Miami Heat","Chicago Bulls",1,5,4,1,TRUE,"/teams/MIA/2013.html","/teams/CHI/2013.html"
"2013","Eastern Conf Semifinals","2012-2013",7,"Eastern","Semifinals","New York Knicks","Indiana Pacers",2,3,2,4,FALSE,"/teams/NYK/2013.html","/teams/IND/2013.html"
"2013","Western Conf Semifinals","2012-2013",7,"Western","Semifinals","Oklahoma City Thunder","Memphis Grizzlies",1,5,1,4,FALSE,"/teams/OKC/2013.html","/teams/MEM/2013.html"
"2013","Western Conf Semifinals","2012-2013",7,"Western","Semifinals","San Antonio Spurs","Golden State Warriors",2,6,4,2,TRUE,"/teams/SAS/2013.html","/teams/GSW/2013.html"
"2013","Eastern Conf Finals","2012-2013",7,"Eastern","Finals","Miami Heat","Indiana Pacers",1,3,4,3,TRUE,"/teams/MIA/2013.html","/teams/IND/2013.html"
"2013","Western Conf Finals","2012-2013",7,"Western","Finals","San Antonio Spurs","Memphis Grizzlies",2,5,4,0,TRUE,"/teams/SAS/2013.html","/teams/MEM/2013.html"
"2012","Eastern Conf First Round","2011-2012",7,"Eastern","First","Chicago Bulls","Philadelphia 76ers",1,8,2,4,FALSE,"/teams/CHI/2012.html","/teams/PHI/2012.html"
"2012","Eastern Conf First Round","2011-2012",7,"Eastern","First","Miami Heat","New York Knicks",2,7,4,1,TRUE,"/teams/MIA/2012.html","/teams/NYK/2012.html"
"2012","Eastern Conf First Round","2011-2012",7,"Eastern","First","Indiana Pacers","Orlando Magic",3,6,4,1,TRUE,"/teams/IND/2012.html","/teams/ORL/2012.html"
"2012","Eastern Conf First Round","2011-2012",7,"Eastern","First","Boston Celtics","Atlanta Hawks",4,5,4,2,TRUE,"/teams/BOS/2012.html","/teams/ATL/2012.html"
"2012","Western Conf First Round","2011-2012",7,"Western","First","San Antonio Spurs","Utah Jazz",1,8,4,0,TRUE,"/teams/SAS/2012.html","/teams/UTA/2012.html"
"2012","Western Conf First Round","2011-2012",7,"Western","First","Oklahoma City Thunder","Dallas Mavericks",2,7,4,0,TRUE,"/teams/OKC/2012.html","/teams/DAL/2012.html"
"2012","Western Conf First Round","2011-2012",7,"Western","First","Los Angeles Lakers","Denver Nuggets",3,6,4,3,TRUE,"/teams/LAL/2012.html","/teams/DEN/2012.html"
"2012","Western Conf First Round","2011-2012",7,"Western","First","Memphis Grizzlies","Los Angeles Clippers",4,5,3,4,FALSE,"/teams/MEM/2012.html","/teams/LAC/2012.html"
"2012","Eastern Conf Semifinals","2011-2012",7,"Eastern","Semifinals","Miami Heat","Indiana Pacers",2,3,4,2,TRUE,"/teams/MIA/2012.html","/teams/IND/2012.html"
"2012","Eastern Conf Semifinals","2011-2012",7,"Eastern","Semifinals","Boston Celtics","Philadelphia 76ers",4,8,4,3,TRUE,"/teams/BOS/2012.html","/teams/PHI/2012.html"
"2012","Western Conf Semifinals","2011-2012",7,"Western","Semifinals","San Antonio Spurs","Los Angeles Clippers",1,5,4,0,TRUE,"/teams/SAS/2012.html","/teams/LAC/2012.html"
"2012","Western Conf Semifinals","2011-2012",7,"Western","Semifinals","Oklahoma City Thunder","Los Angeles Lakers",2,3,4,1,TRUE,"/teams/OKC/2012.html","/teams/LAL/2012.html"
"2012","Western Conf Finals","2011-2012",7,"Western","Finals","San Antonio Spurs","Oklahoma City Thunder",1,2,2,4,FALSE,"/teams/SAS/2012.html","/teams/OKC/2012.html"
"2012","Eastern Conf Finals","2011-2012",7,"Eastern","Finals","Miami Heat","Boston Celtics",2,4,4,3,TRUE,"/teams/MIA/2012.html","/teams/BOS/2012.html"
"2011","Eastern Conf First Round","2010-2011",7,"Eastern","First","Chicago Bulls","Indiana Pacers",1,8,4,1,TRUE,"/teams/CHI/2011.html","/teams/IND/2011.html"
"2011","Eastern Conf First Round","2010-2011",7,"Eastern","First","Miami Heat","Philadelphia 76ers",2,7,4,1,TRUE,"/teams/MIA/2011.html","/teams/PHI/2011.html"
"2011","Eastern Conf First Round","2010-2011",7,"Eastern","First","Boston Celtics","New York Knicks",3,6,4,0,TRUE,"/teams/BOS/2011.html","/teams/NYK/2011.html"
"2011","Eastern Conf First Round","2010-2011",7,"Eastern","First","Orlando Magic","Atlanta Hawks",4,5,2,4,FALSE,"/teams/ORL/2011.html","/teams/ATL/2011.html"
"2011","Western Conf First Round","2010-2011",7,"Western","First","San Antonio Spurs","Memphis Grizzlies",1,8,2,4,FALSE,"/teams/SAS/2011.html","/teams/MEM/2011.html"
"2011","Western Conf First Round","2010-2011",7,"Western","First","Los Angeles Lakers","New Orleans Hornets",2,7,4,2,TRUE,"/teams/LAL/2011.html","/teams/NOH/2011.html"
"2011","Western Conf First Round","2010-2011",7,"Western","First","Dallas Mavericks","Portland Trail Blazers",3,6,4,2,TRUE,"/teams/DAL/2011.html","/teams/POR/2011.html"
"2011","Western Conf First Round","2010-2011",7,"Western","First","Oklahoma City Thunder","Denver Nuggets",4,5,4,1,TRUE,"/teams/OKC/2011.html","/teams/DEN/2011.html"
"2011","Eastern Conf Semifinals","2010-2011",7,"Eastern","Semifinals","Chicago Bulls","Atlanta Hawks",1,5,4,2,TRUE,"/teams/CHI/2011.html","/teams/ATL/2011.html"
"2011","Eastern Conf Semifinals","2010-2011",7,"Eastern","Semifinals","Miami Heat","Boston Celtics",2,3,4,1,TRUE,"/teams/MIA/2011.html","/teams/BOS/2011.html"
"2011","Western Conf Semifinals","2010-2011",7,"Western","Semifinals","Los Angeles Lakers","Dallas Mavericks",2,3,0,4,FALSE,"/teams/LAL/2011.html","/teams/DAL/2011.html"
"2011","Western Conf Semifinals","2010-2011",7,"Western","Semifinals","Oklahoma City Thunder","Memphis Grizzlies",4,8,4,3,TRUE,"/teams/OKC/2011.html","/teams/MEM/2011.html"
"2011","Eastern Conf Finals","2010-2011",7,"Eastern","Finals","Chicago Bulls","Miami Heat",1,2,1,4,FALSE,"/teams/CHI/2011.html","/teams/MIA/2011.html"
"2011","Western Conf Finals","2010-2011",7,"Western","Finals","Dallas Mavericks","Oklahoma City Thunder",3,4,4,1,TRUE,"/teams/DAL/2011.html","/teams/OKC/2011.html"
"2010","Eastern Conf First Round","2009-2010",7,"Eastern","First","Cleveland Cavaliers","Chicago Bulls",1,8,4,1,TRUE,"/teams/CLE/2010.html","/teams/CHI/2010.html"
"2010","Eastern Conf First Round","2009-2010",7,"Eastern","First","Orlando Magic","Charlotte Bobcats",2,7,4,0,TRUE,"/teams/ORL/2010.html","/teams/CHA/2010.html"
"2010","Eastern Conf First Round","2009-2010",7,"Eastern","First","Atlanta Hawks","Milwaukee Bucks",3,6,4,3,TRUE,"/teams/ATL/2010.html","/teams/MIL/2010.html"
"2010","Eastern Conf First Round","2009-2010",7,"Eastern","First","Boston Celtics","Miami Heat",4,5,4,1,TRUE,"/teams/BOS/2010.html","/teams/MIA/2010.html"
"2010","Western Conf First Round","2009-2010",7,"Western","First","Los Angeles Lakers","Oklahoma City Thunder",1,8,4,2,TRUE,"/teams/LAL/2010.html","/teams/OKC/2010.html"
"2010","Western Conf First Round","2009-2010",7,"Western","First","Dallas Mavericks","San Antonio Spurs",2,7,2,4,FALSE,"/teams/DAL/2010.html","/teams/SAS/2010.html"
"2010","Western Conf First Round","2009-2010",7,"Western","First","Phoenix Suns","Portland Trail Blazers",3,6,4,2,TRUE,"/teams/PHO/2010.html","/teams/POR/2010.html"
"2010","Western Conf First Round","2009-2010",7,"Western","First","Denver Nuggets","Utah Jazz",4,5,2,4,FALSE,"/teams/DEN/2010.html","/teams/UTA/2010.html"
"2010","Eastern Conf Semifinals","2009-2010",7,"Eastern","Semifinals","Cleveland Cavaliers","Boston Celtics",1,4,2,4,FALSE,"/teams/CLE/2010.html","/teams/BOS/2010.html"
"2010","Eastern Conf Semifinals","2009-2010",7,"Eastern","Semifinals","Orlando Magic","Atlanta Hawks",2,3,4,0,TRUE,"/teams/ORL/2010.html","/teams/ATL/2010.html"
"2010","Western Conf Semifinals","2009-2010",7,"Western","Semifinals","Los Angeles Lakers","Utah Jazz",1,5,4,0,TRUE,"/teams/LAL/2010.html","/teams/UTA/2010.html"
"2010","Western Conf Semifinals","2009-2010",7,"Western","Semifinals","Phoenix Suns","San Antonio Spurs",3,7,4,0,TRUE,"/teams/PHO/2010.html","/teams/SAS/2010.html"
"2010","Western Conf Finals","2009-2010",7,"Western","Finals","Los Angeles Lakers","Phoenix Suns",1,3,4,2,TRUE,"/teams/LAL/2010.html","/teams/PHO/2010.html"
"2010","Eastern Conf Finals","2009-2010",7,"Eastern","Finals","Orlando Magic","Boston Celtics",2,4,2,4,FALSE,"/teams/ORL/2010.html","/teams/BOS/2010.html"
"2009","Eastern Conf First Round","2008-2009",7,"Eastern","First","Cleveland Cavaliers","Detroit Pistons",1,8,4,0,TRUE,"/teams/CLE/2009.html","/teams/DET/2009.html"
"2009","Eastern Conf First Round","2008-2009",7,"Eastern","First","Boston Celtics","Chicago Bulls",2,7,4,3,TRUE,"/teams/BOS/2009.html","/teams/CHI/2009.html"
"2009","Eastern Conf First Round","2008-2009",7,"Eastern","First","Orlando Magic","Philadelphia 76ers",3,6,4,2,TRUE,"/teams/ORL/2009.html","/teams/PHI/2009.html"
"2009","Eastern Conf First Round","2008-2009",7,"Eastern","First","Atlanta Hawks","Miami Heat",4,5,4,3,TRUE,"/teams/ATL/2009.html","/teams/MIA/2009.html"
"2009","Western Conf First Round","2008-2009",7,"Western","First","Los Angeles Lakers","Utah Jazz",1,8,4,1,TRUE,"/teams/LAL/2009.html","/teams/UTA/2009.html"
"2009","Western Conf First Round","2008-2009",7,"Western","First","Denver Nuggets","New Orleans Hornets",2,7,4,1,TRUE,"/teams/DEN/2009.html","/teams/NOH/2009.html"
"2009","Western Conf First Round","2008-2009",7,"Western","First","San Antonio Spurs","Dallas Mavericks",3,6,1,4,FALSE,"/teams/SAS/2009.html","/teams/DAL/2009.html"
"2009","Western Conf First Round","2008-2009",7,"Western","First","Portland Trail Blazers","Houston Rockets",4,5,2,4,FALSE,"/teams/POR/2009.html","/teams/HOU/2009.html"
"2009","Western Conf Semifinals","2008-2009",7,"Western","Semifinals","Los Angeles Lakers","Houston Rockets",1,5,4,3,TRUE,"/teams/LAL/2009.html","/teams/HOU/2009.html"
"2009","Western Conf Semifinals","2008-2009",7,"Western","Semifinals","Denver Nuggets","Dallas Mavericks",2,6,4,1,TRUE,"/teams/DEN/2009.html","/teams/DAL/2009.html"
"2009","Eastern Conf Semifinals","2008-2009",7,"Eastern","Semifinals","Cleveland Cavaliers","Atlanta Hawks",1,4,4,0,TRUE,"/teams/CLE/2009.html","/teams/ATL/2009.html"
"2009","Eastern Conf Semifinals","2008-2009",7,"Eastern","Semifinals","Boston Celtics","Orlando Magic",2,3,3,4,FALSE,"/teams/BOS/2009.html","/teams/ORL/2009.html"
"2009","Eastern Conf Finals","2008-2009",7,"Eastern","Finals","Cleveland Cavaliers","Orlando Magic",1,3,2,4,FALSE,"/teams/CLE/2009.html","/teams/ORL/2009.html"
"2009","Western Conf Finals","2008-2009",7,"Western","Finals","Los Angeles Lakers","Denver Nuggets",1,2,4,2,TRUE,"/teams/LAL/2009.html","/teams/DEN/2009.html"
"2008","Eastern Conf First Round","2007-2008",7,"Eastern","First","Boston Celtics","Atlanta Hawks",1,8,4,3,TRUE,"/teams/BOS/2008.html","/teams/ATL/2008.html"
"2008","Eastern Conf First Round","2007-2008",7,"Eastern","First","Detroit Pistons","Philadelphia 76ers",2,7,4,2,TRUE,"/teams/DET/2008.html","/teams/PHI/2008.html"
"2008","Eastern Conf First Round","2007-2008",7,"Eastern","First","Orlando Magic","Toronto Raptors",3,6,4,1,TRUE,"/teams/ORL/2008.html","/teams/TOR/2008.html"
"2008","Eastern Conf First Round","2007-2008",7,"Eastern","First","Cleveland Cavaliers","Washington Wizards",4,5,4,2,TRUE,"/teams/CLE/2008.html","/teams/WAS/2008.html"
"2008","Western Conf First Round","2007-2008",7,"Western","First","Los Angeles Lakers","Denver Nuggets",1,8,4,0,TRUE,"/teams/LAL/2008.html","/teams/DEN/2008.html"
"2008","Western Conf First Round","2007-2008",7,"Western","First","New Orleans Hornets","Dallas Mavericks",2,7,4,1,TRUE,"/teams/NOH/2008.html","/teams/DAL/2008.html"
"2008","Western Conf First Round","2007-2008",7,"Western","First","San Antonio Spurs","Phoenix Suns",3,6,4,1,TRUE,"/teams/SAS/2008.html","/teams/PHO/2008.html"
"2008","Western Conf First Round","2007-2008",7,"Western","First","Utah Jazz","Houston Rockets",4,5,4,2,TRUE,"/teams/UTA/2008.html","/teams/HOU/2008.html"
"2008","Eastern Conf Semifinals","2007-2008",7,"Eastern","Semifinals","Boston Celtics","Cleveland Cavaliers",1,4,4,3,TRUE,"/teams/BOS/2008.html","/teams/CLE/2008.html"
"2008","Eastern Conf Semifinals","2007-2008",7,"Eastern","Semifinals","Detroit Pistons","Orlando Magic",2,3,4,1,TRUE,"/teams/DET/2008.html","/teams/ORL/2008.html"
"2008","Western Conf Semifinals","2007-2008",7,"Western","Semifinals","Los Angeles Lakers","Utah Jazz",1,4,4,2,TRUE,"/teams/LAL/2008.html","/teams/UTA/2008.html"
"2008","Western Conf Semifinals","2007-2008",7,"Western","Semifinals","New Orleans Hornets","San Antonio Spurs",2,3,3,4,FALSE,"/teams/NOH/2008.html","/teams/SAS/2008.html"
"2008","Eastern Conf Finals","2007-2008",7,"Eastern","Finals","Boston Celtics","Detroit Pistons",1,2,4,2,TRUE,"/teams/BOS/2008.html","/teams/DET/2008.html"
"2008","Western Conf Finals","2007-2008",7,"Western","Finals","Los Angeles Lakers","San Antonio Spurs",1,3,4,1,TRUE,"/teams/LAL/2008.html","/teams/SAS/2008.html"
"2007","Eastern Conf First Round","2006-2007",7,"Eastern","First","Miami Heat","Chicago Bulls",4,5,0,4,FALSE,"/teams/MIA/2007.html","/teams/CHI/2007.html"
"2007","Eastern Conf First Round","2006-2007",7,"Eastern","First","Cleveland Cavaliers","Washington Wizards",2,7,4,0,TRUE,"/teams/CLE/2007.html","/teams/WAS/2007.html"
"2007","Eastern Conf First Round","2006-2007",7,"Eastern","First","Detroit Pistons","Orlando Magic",1,8,4,0,TRUE,"/teams/DET/2007.html","/teams/ORL/2007.html"
"2007","Eastern Conf First Round","2006-2007",7,"Eastern","First","Toronto Raptors","New Jersey Nets",3,6,2,4,FALSE,"/teams/TOR/2007.html","/teams/NJN/2007.html"
"2007","Western Conf First Round","2006-2007",7,"Western","First","Dallas Mavericks","Golden State Warriors",1,8,2,4,FALSE,"/teams/DAL/2007.html","/teams/GSW/2007.html"
"2007","Western Conf First Round","2006-2007",7,"Western","First","Phoenix Suns","Los Angeles Lakers",2,7,4,1,TRUE,"/teams/PHO/2007.html","/teams/LAL/2007.html"
"2007","Western Conf First Round","2006-2007",7,"Western","First","San Antonio Spurs","Denver Nuggets",3,6,4,1,TRUE,"/teams/SAS/2007.html","/teams/DEN/2007.html"
"2007","Western Conf First Round","2006-2007",7,"Western","First","Utah Jazz","Houston Rockets",4,5,4,3,TRUE,"/teams/UTA/2007.html","/teams/HOU/2007.html"
"2007","Eastern Conf Semifinals","2006-2007",7,"Eastern","Semifinals","Cleveland Cavaliers","New Jersey Nets",2,6,4,2,TRUE,"/teams/CLE/2007.html","/teams/NJN/2007.html"
"2007","Eastern Conf Semifinals","2006-2007",7,"Eastern","Semifinals","Detroit Pistons","Chicago Bulls",1,5,4,2,TRUE,"/teams/DET/2007.html","/teams/CHI/2007.html"
"2007","Western Conf Semifinals","2006-2007",7,"Western","Semifinals","Phoenix Suns","San Antonio Spurs",2,3,2,4,FALSE,"/teams/PHO/2007.html","/teams/SAS/2007.html"
"2007","Western Conf Semifinals","2006-2007",7,"Western","Semifinals","Utah Jazz","Golden State Warriors",4,8,4,1,TRUE,"/teams/UTA/2007.html","/teams/GSW/2007.html"
"2007","Eastern Conf Finals","2006-2007",7,"Eastern","Finals","Detroit Pistons","Cleveland Cavaliers",1,2,2,4,FALSE,"/teams/DET/2007.html","/teams/CLE/2007.html"
"2007","Western Conf Finals","2006-2007",7,"Western","Finals","San Antonio Spurs","Utah Jazz",3,4,4,1,TRUE,"/teams/SAS/2007.html","/teams/UTA/2007.html"
"2006","Eastern Conf First Round","2005-2006",7,"Eastern","First","Cleveland Cavaliers","Washington Wizards",4,5,4,2,TRUE,"/teams/CLE/2006.html","/teams/WAS/2006.html"
"2006","Eastern Conf First Round","2005-2006",7,"Eastern","First","Detroit Pistons","Milwaukee Bucks",1,8,4,1,TRUE,"/teams/DET/2006.html","/teams/MIL/2006.html"
"2006","Eastern Conf First Round","2005-2006",7,"Eastern","First","Miami Heat","Chicago Bulls",2,7,4,2,TRUE,"/teams/MIA/2006.html","/teams/CHI/2006.html"
"2006","Eastern Conf First Round","2005-2006",7,"Eastern","First","New Jersey Nets","Indiana Pacers",3,6,4,2,TRUE,"/teams/NJN/2006.html","/teams/IND/2006.html"
"2006","Western Conf First Round","2005-2006",7,"Western","First","Dallas Mavericks","Memphis Grizzlies",4,5,4,0,TRUE,"/teams/DAL/2006.html","/teams/MEM/2006.html"
"2006","Western Conf First Round","2005-2006",7,"Western","First","Denver Nuggets","Los Angeles Clippers",3,6,1,4,FALSE,"/teams/DEN/2006.html","/teams/LAC/2006.html"
"2006","Western Conf First Round","2005-2006",7,"Western","First","Phoenix Suns","Los Angeles Lakers",2,7,4,3,TRUE,"/teams/PHO/2006.html","/teams/LAL/2006.html"
"2006","Western Conf First Round","2005-2006",7,"Western","First","San Antonio Spurs","Sacramento Kings",1,8,4,2,TRUE,"/teams/SAS/2006.html","/teams/SAC/2006.html"
"2006","Eastern Conf Semifinals","2005-2006",7,"Eastern","Semifinals","Detroit Pistons","Cleveland Cavaliers",1,4,4,3,TRUE,"/teams/DET/2006.html","/teams/CLE/2006.html"
"2006","Eastern Conf Semifinals","2005-2006",7,"Eastern","Semifinals","Miami Heat","New Jersey Nets",2,3,4,1,TRUE,"/teams/MIA/2006.html","/teams/NJN/2006.html"
"2006","Western Conf Semifinals","2005-2006",7,"Western","Semifinals","San Antonio Spurs","Dallas Mavericks",1,4,3,4,FALSE,"/teams/SAS/2006.html","/teams/DAL/2006.html"
"2006","Western Conf Semifinals","2005-2006",7,"Western","Semifinals","Phoenix Suns","Los Angeles Clippers",2,6,4,3,TRUE,"/teams/PHO/2006.html","/teams/LAC/2006.html"
"2006","Eastern Conf Finals","2005-2006",7,"Eastern","Finals","Detroit Pistons","Miami Heat",1,2,2,4,FALSE,"/teams/DET/2006.html","/teams/MIA/2006.html"
"2006","Western Conf Finals","2005-2006",7,"Western","Finals","Phoenix Suns","Dallas Mavericks",2,4,2,4,FALSE,"/teams/PHO/2006.html","/teams/DAL/2006.html"
"2005","Eastern Conf First Round","2004-2005",7,"Eastern","First","Detroit Pistons","Philadelphia 76ers",2,7,4,1,TRUE,"/teams/DET/2005.html","/teams/PHI/2005.html"
"2005","Eastern Conf First Round","2004-2005",7,"Eastern","First","Boston Celtics","Indiana Pacers",3,6,3,4,FALSE,"/teams/BOS/2005.html","/teams/IND/2005.html"
"2005","Eastern Conf First Round","2004-2005",7,"Eastern","First","Miami Heat","New Jersey Nets",1,8,4,0,TRUE,"/teams/MIA/2005.html","/teams/NJN/2005.html"
"2005","Eastern Conf First Round","2004-2005",7,"Eastern","First","Chicago Bulls","Washington Wizards",4,5,2,4,FALSE,"/teams/CHI/2005.html","/teams/WAS/2005.html"
"2005","Western Conf First Round","2004-2005",7,"Western","First","Dallas Mavericks","Houston Rockets",4,5,4,3,TRUE,"/teams/DAL/2005.html","/teams/HOU/2005.html"
"2005","Western Conf First Round","2004-2005",7,"Western","First","Phoenix Suns","Memphis Grizzlies",1,8,4,0,TRUE,"/teams/PHO/2005.html","/teams/MEM/2005.html"
"2005","Western Conf First Round","2004-2005",7,"Western","First","San Antonio Spurs","Denver Nuggets",2,7,4,1,TRUE,"/teams/SAS/2005.html","/teams/DEN/2005.html"
"2005","Western Conf First Round","2004-2005",7,"Western","First","Seattle SuperSonics","Sacramento Kings",3,6,4,1,TRUE,"/teams/SEA/2005.html","/teams/SAC/2005.html"
"2005","Eastern Conf Semifinals","2004-2005",7,"Eastern","Semifinals","Detroit Pistons","Indiana Pacers",2,6,4,2,TRUE,"/teams/DET/2005.html","/teams/IND/2005.html"
"2005","Eastern Conf Semifinals","2004-2005",7,"Eastern","Semifinals","Miami Heat","Washington Wizards",1,5,4,0,TRUE,"/teams/MIA/2005.html","/teams/WAS/2005.html"
"2005","Western Conf Semifinals","2004-2005",7,"Western","Semifinals","Phoenix Suns","Dallas Mavericks",1,4,4,2,TRUE,"/teams/PHO/2005.html","/teams/DAL/2005.html"
"2005","Western Conf Semifinals","2004-2005",7,"Western","Semifinals","San Antonio Spurs","Seattle SuperSonics",2,3,4,2,TRUE,"/teams/SAS/2005.html","/teams/SEA/2005.html"
"2005","Eastern Conf Finals","2004-2005",7,"Eastern","Finals","Miami Heat","Detroit Pistons",1,2,3,4,FALSE,"/teams/MIA/2005.html","/teams/DET/2005.html"
"2005","Western Conf Finals","2004-2005",7,"Western","Finals","Phoenix Suns","San Antonio Spurs",1,2,1,4,FALSE,"/teams/PHO/2005.html","/teams/SAS/2005.html"
"2004","Eastern Conf First Round","2003-2004",7,"Eastern","First","Detroit Pistons","Milwaukee Bucks",3,6,4,1,TRUE,"/teams/DET/2004.html","/teams/MIL/2004.html"
"2004","Eastern Conf First Round","2003-2004",7,"Eastern","First","Indiana Pacers","Boston Celtics",1,8,4,0,TRUE,"/teams/IND/2004.html","/teams/BOS/2004.html"
"2004","Eastern Conf First Round","2003-2004",7,"Eastern","First","Miami Heat","New Orleans Hornets",4,5,4,3,TRUE,"/teams/MIA/2004.html","/teams/NOH/2004.html"
"2004","Eastern Conf First Round","2003-2004",7,"Eastern","First","New Jersey Nets","New York Knicks",2,7,4,0,TRUE,"/teams/NJN/2004.html","/teams/NYK/2004.html"
"2004","Western Conf First Round","2003-2004",7,"Western","First","Los Angeles Lakers","Houston Rockets",2,7,4,1,TRUE,"/teams/LAL/2004.html","/teams/HOU/2004.html"
"2004","Western Conf First Round","2003-2004",7,"Western","First","Minnesota Timberwolves","Denver Nuggets",1,8,4,1,TRUE,"/teams/MIN/2004.html","/teams/DEN/2004.html"
"2004","Western Conf First Round","2003-2004",7,"Western","First","Sacramento Kings","Dallas Mavericks",4,5,4,1,TRUE,"/teams/SAC/2004.html","/teams/DAL/2004.html"
"2004","Western Conf First Round","2003-2004",7,"Western","First","San Antonio Spurs","Memphis Grizzlies",3,6,4,0,TRUE,"/teams/SAS/2004.html","/teams/MEM/2004.html"
"2004","Eastern Conf Semifinals","2003-2004",7,"Eastern","Semifinals","New Jersey Nets","Detroit Pistons",2,3,3,4,FALSE,"/teams/NJN/2004.html","/teams/DET/2004.html"
"2004","Eastern Conf Semifinals","2003-2004",7,"Eastern","Semifinals","Indiana Pacers","Miami Heat",1,4,4,2,TRUE,"/teams/IND/2004.html","/teams/MIA/2004.html"
"2004","Western Conf Semifinals","2003-2004",7,"Western","Semifinals","Los Angeles Lakers","San Antonio Spurs",2,3,4,2,TRUE,"/teams/LAL/2004.html","/teams/SAS/2004.html"
"2004","Western Conf Semifinals","2003-2004",7,"Western","Semifinals","Minnesota Timberwolves","Sacramento Kings",1,4,4,3,TRUE,"/teams/MIN/2004.html","/teams/SAC/2004.html"
"2004","Eastern Conf Finals","2003-2004",7,"Eastern","Finals","Indiana Pacers","Detroit Pistons",1,3,2,4,FALSE,"/teams/IND/2004.html","/teams/DET/2004.html"
"2004","Western Conf Finals","2003-2004",7,"Western","Finals","Minnesota Timberwolves","Los Angeles Lakers",1,2,2,4,FALSE,"/teams/MIN/2004.html","/teams/LAL/2004.html"
"2003","Eastern Conf First Round","2002-2003",7,"Eastern","First","Indiana Pacers","Boston Celtics",3,6,2,4,FALSE,"/teams/IND/2003.html","/teams/BOS/2003.html"
"2003","Eastern Conf First Round","2002-2003",7,"Eastern","First","Detroit Pistons","Orlando Magic",1,8,4,3,TRUE,"/teams/DET/2003.html","/teams/ORL/2003.html"
"2003","Eastern Conf First Round","2002-2003",7,"Eastern","First","New Jersey Nets","Milwaukee Bucks",2,7,4,2,TRUE,"/teams/NJN/2003.html","/teams/MIL/2003.html"
"2003","Eastern Conf First Round","2002-2003",7,"Eastern","First","Philadelphia 76ers","New Orleans Hornets",4,5,4,2,TRUE,"/teams/PHI/2003.html","/teams/NOH/2003.html"
"2003","Western Conf First Round","2002-2003",7,"Western","First","Dallas Mavericks","Portland Trail Blazers",3,6,4,3,TRUE,"/teams/DAL/2003.html","/teams/POR/2003.html"
"2003","Western Conf First Round","2002-2003",7,"Western","First","Minnesota Timberwolves","Los Angeles Lakers",4,5,2,4,FALSE,"/teams/MIN/2003.html","/teams/LAL/2003.html"
"2003","Western Conf First Round","2002-2003",7,"Western","First","Sacramento Kings","Utah Jazz",2,7,4,1,TRUE,"/teams/SAC/2003.html","/teams/UTA/2003.html"
"2003","Western Conf First Round","2002-2003",7,"Western","First","San Antonio Spurs","Phoenix Suns",1,8,4,2,TRUE,"/teams/SAS/2003.html","/teams/PHO/2003.html"
"2003","Eastern Conf Semifinals","2002-2003",7,"Eastern","Semifinals","Detroit Pistons","Philadelphia 76ers",1,4,4,2,TRUE,"/teams/DET/2003.html","/teams/PHI/2003.html"
"2003","Eastern Conf Semifinals","2002-2003",7,"Eastern","Semifinals","New Jersey Nets","Boston Celtics",2,6,4,0,TRUE,"/teams/NJN/2003.html","/teams/BOS/2003.html"
"2003","Western Conf Semifinals","2002-2003",7,"Western","Semifinals","Sacramento Kings","Dallas Mavericks",2,3,3,4,FALSE,"/teams/SAC/2003.html","/teams/DAL/2003.html"
"2003","Western Conf Semifinals","2002-2003",7,"Western","Semifinals","San Antonio Spurs","Los Angeles Lakers",1,5,4,2,TRUE,"/teams/SAS/2003.html","/teams/LAL/2003.html"
"2003","Eastern Conf Finals","2002-2003",7,"Eastern","Finals","Detroit Pistons","New Jersey Nets",1,2,0,4,FALSE,"/teams/DET/2003.html","/teams/NJN/2003.html"
"2003","Western Conf Finals","2002-2003",7,"Western","Finals","San Antonio Spurs","Dallas Mavericks",1,3,4,2,TRUE,"/teams/SAS/2003.html","/teams/DAL/2003.html"
"2002","Eastern Conf First Round","2001-2002",5,"Eastern","First","Boston Celtics","Philadelphia 76ers",3,6,3,2,TRUE,"/teams/BOS/2002.html","/teams/PHI/2002.html"
"2002","Eastern Conf First Round","2001-2002",5,"Eastern","First","Charlotte Hornets","Orlando Magic",4,5,3,1,TRUE,"/teams/CHH/2002.html","/teams/ORL/2002.html"
"2002","Eastern Conf First Round","2001-2002",5,"Eastern","First","Detroit Pistons","Toronto Raptors",2,7,3,2,TRUE,"/teams/DET/2002.html","/teams/TOR/2002.html"
"2002","Eastern Conf First Round","2001-2002",5,"Eastern","First","New Jersey Nets","Indiana Pacers",1,8,3,2,TRUE,"/teams/NJN/2002.html","/teams/IND/2002.html"
"2002","Western Conf First Round","2001-2002",5,"Western","First","Dallas Mavericks","Minnesota Timberwolves",4,5,3,0,TRUE,"/teams/DAL/2002.html","/teams/MIN/2002.html"
"2002","Western Conf First Round","2001-2002",5,"Western","First","Los Angeles Lakers","Portland Trail Blazers",3,6,3,0,TRUE,"/teams/LAL/2002.html","/teams/POR/2002.html"
"2002","Western Conf First Round","2001-2002",5,"Western","First","Sacramento Kings","Utah Jazz",1,8,3,1,TRUE,"/teams/SAC/2002.html","/teams/UTA/2002.html"
"2002","Western Conf First Round","2001-2002",5,"Western","First","San Antonio Spurs","Seattle SuperSonics",2,7,3,2,TRUE,"/teams/SAS/2002.html","/teams/SEA/2002.html"
"2002","Eastern Conf Semifinals","2001-2002",7,"Eastern","Semifinals","Detroit Pistons","Boston Celtics",2,3,1,4,FALSE,"/teams/DET/2002.html","/teams/BOS/2002.html"
"2002","Eastern Conf Semifinals","2001-2002",7,"Eastern","Semifinals","New Jersey Nets","Charlotte Hornets",1,4,4,1,TRUE,"/teams/NJN/2002.html","/teams/CHH/2002.html"
"2002","Western Conf Semifinals","2001-2002",7,"Western","Semifinals","San Antonio Spurs","Los Angeles Lakers",2,3,1,4,FALSE,"/teams/SAS/2002.html","/teams/LAL/2002.html"
"2002","Western Conf Semifinals","2001-2002",7,"Western","Semifinals","Sacramento Kings","Dallas Mavericks",1,4,4,1,TRUE,"/teams/SAC/2002.html","/teams/DAL/2002.html"
"2002","Eastern Conf Finals","2001-2002",7,"Eastern","Finals","New Jersey Nets","Boston Celtics",1,3,4,2,TRUE,"/teams/NJN/2002.html","/teams/BOS/2002.html"
"2002","Western Conf Finals","2001-2002",7,"Western","Finals","Sacramento Kings","Los Angeles Lakers",1,3,3,4,FALSE,"/teams/SAC/2002.html","/teams/LAL/2002.html"
"2001","Eastern Conf First Round","2000-2001",5,"Eastern","First","Miami Heat","Charlotte Hornets",3,6,0,3,FALSE,"/teams/MIA/2001.html","/teams/CHH/2001.html"
"2001","Eastern Conf First Round","2000-2001",5,"Eastern","First","Milwaukee Bucks","Orlando Magic",2,7,3,1,TRUE,"/teams/MIL/2001.html","/teams/ORL/2001.html"
"2001","Eastern Conf First Round","2000-2001",5,"Eastern","First","Philadelphia 76ers","Indiana Pacers",1,8,3,1,TRUE,"/teams/PHI/2001.html","/teams/IND/2001.html"
"2001","Eastern Conf First Round","2000-2001",5,"Eastern","First","New York Knicks","Toronto Raptors",4,5,2,3,FALSE,"/teams/NYK/2001.html","/teams/TOR/2001.html"
"2001","Western Conf First Round","2000-2001",5,"Western","First","Utah Jazz","Dallas Mavericks",4,5,2,3,FALSE,"/teams/UTA/2001.html","/teams/DAL/2001.html"
"2001","Western Conf First Round","2000-2001",5,"Western","First","Los Angeles Lakers","Portland Trail Blazers",2,7,3,0,TRUE,"/teams/LAL/2001.html","/teams/POR/2001.html"
"2001","Western Conf First Round","2000-2001",5,"Western","First","Sacramento Kings","Phoenix Suns",3,6,3,1,TRUE,"/teams/SAC/2001.html","/teams/PHO/2001.html"
"2001","Western Conf First Round","2000-2001",5,"Western","First","San Antonio Spurs","Minnesota Timberwolves",1,8,3,1,TRUE,"/teams/SAS/2001.html","/teams/MIN/2001.html"
"2001","Eastern Conf Semifinals","2000-2001",7,"Eastern","Semifinals","Milwaukee Bucks","Charlotte Hornets",2,6,4,3,TRUE,"/teams/MIL/2001.html","/teams/CHH/2001.html"
"2001","Eastern Conf Semifinals","2000-2001",7,"Eastern","Semifinals","Philadelphia 76ers","Toronto Raptors",1,5,4,3,TRUE,"/teams/PHI/2001.html","/teams/TOR/2001.html"
"2001","Western Conf Semifinals","2000-2001",7,"Western","Semifinals","Los Angeles Lakers","Sacramento Kings",2,3,4,0,TRUE,"/teams/LAL/2001.html","/teams/SAC/2001.html"
"2001","Western Conf Semifinals","2000-2001",7,"Western","Semifinals","San Antonio Spurs","Dallas Mavericks",1,5,4,1,TRUE,"/teams/SAS/2001.html","/teams/DAL/2001.html"
"2001","Eastern Conf Finals","2000-2001",7,"Eastern","Finals","Philadelphia 76ers","Milwaukee Bucks",1,2,4,3,TRUE,"/teams/PHI/2001.html","/teams/MIL/2001.html"
"2001","Western Conf Finals","2000-2001",7,"Western","Finals","San Antonio Spurs","Los Angeles Lakers",1,2,0,4,FALSE,"/teams/SAS/2001.html","/teams/LAL/2001.html"
"2000","Eastern Conf First Round","1999-2000",5,"Eastern","First","Indiana Pacers","Milwaukee Bucks",1,8,3,2,TRUE,"/teams/IND/2000.html","/teams/MIL/2000.html"
"2000","Eastern Conf First Round","1999-2000",5,"Eastern","First","Miami Heat","Detroit Pistons",2,7,3,0,TRUE,"/teams/MIA/2000.html","/teams/DET/2000.html"
"2000","Eastern Conf First Round","1999-2000",5,"Eastern","First","New York Knicks","Toronto Raptors",3,6,3,0,TRUE,"/teams/NYK/2000.html","/teams/TOR/2000.html"
"2000","Eastern Conf First Round","1999-2000",5,"Eastern","First","Charlotte Hornets","Philadelphia 76ers",4,5,1,3,FALSE,"/teams/CHH/2000.html","/teams/PHI/2000.html"
"2000","Western Conf First Round","1999-2000",5,"Western","First","Los Angeles Lakers","Sacramento Kings",1,8,3,2,TRUE,"/teams/LAL/2000.html","/teams/SAC/2000.html"
"2000","Western Conf First Round","1999-2000",5,"Western","First","San Antonio Spurs","Phoenix Suns",4,5,1,3,FALSE,"/teams/SAS/2000.html","/teams/PHO/2000.html"
"2000","Western Conf First Round","1999-2000",5,"Western","First","Portland Trail Blazers","Minnesota Timberwolves",3,6,3,1,TRUE,"/teams/POR/2000.html","/teams/MIN/2000.html"
"2000","Western Conf First Round","1999-2000",5,"Western","First","Utah Jazz","Seattle SuperSonics",2,7,3,2,TRUE,"/teams/UTA/2000.html","/teams/SEA/2000.html"
"2000","Eastern Conf Semifinals","1999-2000",7,"Eastern","Semifinals","Indiana Pacers","Philadelphia 76ers",1,5,4,2,TRUE,"/teams/IND/2000.html","/teams/PHI/2000.html"
"2000","Eastern Conf Semifinals","1999-2000",7,"Eastern","Semifinals","Miami Heat","New York Knicks",2,3,3,4,FALSE,"/teams/MIA/2000.html","/teams/NYK/2000.html"
"2000","Western Conf Semifinals","1999-2000",7,"Western","Semifinals","Los Angeles Lakers","Phoenix Suns",1,5,4,1,TRUE,"/teams/LAL/2000.html","/teams/PHO/2000.html"
"2000","Western Conf Semifinals","1999-2000",7,"Western","Semifinals","Utah Jazz","Portland Trail Blazers",2,3,1,4,FALSE,"/teams/UTA/2000.html","/teams/POR/2000.html"
"2000","Eastern Conf Finals","1999-2000",7,"Eastern","Finals","Indiana Pacers","New York Knicks",1,3,4,2,TRUE,"/teams/IND/2000.html","/teams/NYK/2000.html"
"2000","Western Conf Finals","1999-2000",7,"Western","Finals","Los Angeles Lakers","Portland Trail Blazers",1,3,4,3,TRUE,"/teams/LAL/2000.html","/teams/POR/2000.html"
"1999","Eastern Conf First Round","1998-1999",5,"Eastern","First","Atlanta Hawks","Detroit Pistons",4,5,3,2,TRUE,"/teams/ATL/1999.html","/teams/DET/1999.html"
"1999","Eastern Conf First Round","1998-1999",5,"Eastern","First","Indiana Pacers","Milwaukee Bucks",2,7,3,0,TRUE,"/teams/IND/1999.html","/teams/MIL/1999.html"
"1999","Eastern Conf First Round","1998-1999",5,"Eastern","First","Miami Heat","New York Knicks",1,8,2,3,FALSE,"/teams/MIA/1999.html","/teams/NYK/1999.html"
"1999","Eastern Conf First Round","1998-1999",5,"Eastern","First","Orlando Magic","Philadelphia 76ers",3,6,1,3,FALSE,"/teams/ORL/1999.html","/teams/PHI/1999.html"
"1999","Western Conf First Round","1998-1999",5,"Western","First","Los Angeles Lakers","Houston Rockets",4,5,3,1,TRUE,"/teams/LAL/1999.html","/teams/HOU/1999.html"
"1999","Western Conf First Round","1998-1999",5,"Western","First","Portland Trail Blazers","Phoenix Suns",2,7,3,0,TRUE,"/teams/POR/1999.html","/teams/PHO/1999.html"
"1999","Western Conf First Round","1998-1999",5,"Western","First","San Antonio Spurs","Minnesota Timberwolves",1,8,3,1,TRUE,"/teams/SAS/1999.html","/teams/MIN/1999.html"
"1999","Western Conf First Round","1998-1999",5,"Western","First","Utah Jazz","Sacramento Kings",3,6,3,2,TRUE,"/teams/UTA/1999.html","/teams/SAC/1999.html"
"1999","Eastern Conf Semifinals","1998-1999",7,"Eastern","Semifinals","Indiana Pacers","Philadelphia 76ers",2,6,4,0,TRUE,"/teams/IND/1999.html","/teams/PHI/1999.html"
"1999","Eastern Conf Semifinals","1998-1999",7,"Eastern","Semifinals","Atlanta Hawks","New York Knicks",4,8,0,4,FALSE,"/teams/ATL/1999.html","/teams/NYK/1999.html"
"1999","Western Conf Semifinals","1998-1999",7,"Western","Semifinals","Portland Trail Blazers","Utah Jazz",2,3,4,2,TRUE,"/teams/POR/1999.html","/teams/UTA/1999.html"
"1999","Western Conf Semifinals","1998-1999",7,"Western","Semifinals","San Antonio Spurs","Los Angeles Lakers",1,4,4,0,TRUE,"/teams/SAS/1999.html","/teams/LAL/1999.html"
"1999","Eastern Conf Finals","1998-1999",7,"Eastern","Finals","Indiana Pacers","New York Knicks",2,8,2,4,FALSE,"/teams/IND/1999.html","/teams/NYK/1999.html"
"1999","Western Conf Finals","1998-1999",7,"Western","Finals","San Antonio Spurs","Portland Trail Blazers",1,2,4,0,TRUE,"/teams/SAS/1999.html","/teams/POR/1999.html"
"1998","Eastern Conf First Round","1997-1998",5,"Eastern","First","Charlotte Hornets","Atlanta Hawks",4,5,3,1,TRUE,"/teams/CHH/1998.html","/teams/ATL/1998.html"
"1998","Eastern Conf First Round","1997-1998",5,"Eastern","First","Chicago Bulls","New Jersey Nets",1,8,3,0,TRUE,"/teams/CHI/1998.html","/teams/NJN/1998.html"
"1998","Eastern Conf First Round","1997-1998",5,"Eastern","First","Indiana Pacers","Cleveland Cavaliers",3,6,3,1,TRUE,"/teams/IND/1998.html","/teams/CLE/1998.html"
"1998","Eastern Conf First Round","1997-1998",5,"Eastern","First","Miami Heat","New York Knicks",2,7,2,3,FALSE,"/teams/MIA/1998.html","/teams/NYK/1998.html"
"1998","Western Conf First Round","1997-1998",5,"Western","First","Los Angeles Lakers","Portland Trail Blazers",3,6,3,1,TRUE,"/teams/LAL/1998.html","/teams/POR/1998.html"
"1998","Western Conf First Round","1997-1998",5,"Western","First","Phoenix Suns","San Antonio Spurs",4,5,1,3,FALSE,"/teams/PHO/1998.html","/teams/SAS/1998.html"
"1998","Western Conf First Round","1997-1998",5,"Western","First","Seattle SuperSonics","Minnesota Timberwolves",2,7,3,2,TRUE,"/teams/SEA/1998.html","/teams/MIN/1998.html"
"1998","Western Conf First Round","1997-1998",5,"Western","First","Utah Jazz","Houston Rockets",1,8,3,2,TRUE,"/teams/UTA/1998.html","/teams/HOU/1998.html"
"1998","Eastern Conf Semifinals","1997-1998",7,"Eastern","Semifinals","Chicago Bulls","Charlotte Hornets",1,4,4,1,TRUE,"/teams/CHI/1998.html","/teams/CHH/1998.html"
"1998","Eastern Conf Semifinals","1997-1998",7,"Eastern","Semifinals","Indiana Pacers","New York Knicks",3,7,4,1,TRUE,"/teams/IND/1998.html","/teams/NYK/1998.html"
"1998","Western Conf Semifinals","1997-1998",7,"Western","Semifinals","Seattle SuperSonics","Los Angeles Lakers",2,3,1,4,FALSE,"/teams/SEA/1998.html","/teams/LAL/1998.html"
"1998","Western Conf Semifinals","1997-1998",7,"Western","Semifinals","Utah Jazz","San Antonio Spurs",1,5,4,1,TRUE,"/teams/UTA/1998.html","/teams/SAS/1998.html"
"1998","Eastern Conf Finals","1997-1998",7,"Eastern","Finals","Chicago Bulls","Indiana Pacers",1,3,4,3,TRUE,"/teams/CHI/1998.html","/teams/IND/1998.html"
"1998","Western Conf Finals","1997-1998",7,"Western","Finals","Utah Jazz","Los Angeles Lakers",1,3,4,0,TRUE,"/teams/UTA/1998.html","/teams/LAL/1998.html"
"1997","Eastern Conf First Round","1996-1997",5,"Eastern","First","Atlanta Hawks","Detroit Pistons",4,5,3,2,TRUE,"/teams/ATL/1997.html","/teams/DET/1997.html"
"1997","Eastern Conf First Round","1996-1997",5,"Eastern","First","Chicago Bulls","Washington Bullets",1,8,3,0,TRUE,"/teams/CHI/1997.html","/teams/WSB/1997.html"
"1997","Eastern Conf First Round","1996-1997",5,"Eastern","First","Miami Heat","Orlando Magic",2,7,3,2,TRUE,"/teams/MIA/1997.html","/teams/ORL/1997.html"
"1997","Eastern Conf First Round","1996-1997",5,"Eastern","First","New York Knicks","Charlotte Hornets",3,6,3,0,TRUE,"/teams/NYK/1997.html","/teams/CHH/1997.html"
"1997","Western Conf First Round","1996-1997",5,"Western","First","Houston Rockets","Minnesota Timberwolves",3,6,3,0,TRUE,"/teams/HOU/1997.html","/teams/MIN/1997.html"
"1997","Western Conf First Round","1996-1997",5,"Western","First","Los Angeles Lakers","Portland Trail Blazers",4,5,3,1,TRUE,"/teams/LAL/1997.html","/teams/POR/1997.html"
"1997","Western Conf First Round","1996-1997",5,"Western","First","Seattle SuperSonics","Phoenix Suns",2,7,3,2,TRUE,"/teams/SEA/1997.html","/teams/PHO/1997.html"
"1997","Western Conf First Round","1996-1997",5,"Western","First","Utah Jazz","Los Angeles Clippers",1,8,3,0,TRUE,"/teams/UTA/1997.html","/teams/LAC/1997.html"
"1997","Eastern Conf Semifinals","1996-1997",7,"Eastern","Semifinals","Chicago Bulls","Atlanta Hawks",1,4,4,1,TRUE,"/teams/CHI/1997.html","/teams/ATL/1997.html"
"1997","Eastern Conf Semifinals","1996-1997",7,"Eastern","Semifinals","Miami Heat","New York Knicks",2,3,4,3,TRUE,"/teams/MIA/1997.html","/teams/NYK/1997.html"
"1997","Western Conf Semifinals","1996-1997",7,"Western","Semifinals","Seattle SuperSonics","Houston Rockets",2,3,3,4,FALSE,"/teams/SEA/1997.html","/teams/HOU/1997.html"
"1997","Western Conf Semifinals","1996-1997",7,"Western","Semifinals","Utah Jazz","Los Angeles Lakers",1,4,4,1,TRUE,"/teams/UTA/1997.html","/teams/LAL/1997.html"
"1997","Eastern Conf Finals","1996-1997",7,"Eastern","Finals","Chicago Bulls","Miami Heat",1,2,4,1,TRUE,"/teams/CHI/1997.html","/teams/MIA/1997.html"
"1997","Western Conf Finals","1996-1997",7,"Western","Finals","Utah Jazz","Houston Rockets",1,3,4,2,TRUE,"/teams/UTA/1997.html","/teams/HOU/1997.html"
"1996","Eastern Conf First Round","1995-1996",5,"Eastern","First","Indiana Pacers","Atlanta Hawks",3,6,2,3,FALSE,"/teams/IND/1996.html","/teams/ATL/1996.html"
"1996","Eastern Conf First Round","1995-1996",5,"Eastern","First","Chicago Bulls","Miami Heat",1,8,3,0,TRUE,"/teams/CHI/1996.html","/teams/MIA/1996.html"
"1996","Eastern Conf First Round","1995-1996",5,"Eastern","First","Cleveland Cavaliers","New York Knicks",4,5,0,3,FALSE,"/teams/CLE/1996.html","/teams/NYK/1996.html"
"1996","Eastern Conf First Round","1995-1996",5,"Eastern","First","Orlando Magic","Detroit Pistons",2,7,3,0,TRUE,"/teams/ORL/1996.html","/teams/DET/1996.html"
"1996","Western Conf First Round","1995-1996",5,"Western","First","Los Angeles Lakers","Houston Rockets",4,5,1,3,FALSE,"/teams/LAL/1996.html","/teams/HOU/1996.html"
"1996","Western Conf First Round","1995-1996",5,"Western","First","San Antonio Spurs","Phoenix Suns",2,7,3,1,TRUE,"/teams/SAS/1996.html","/teams/PHO/1996.html"
"1996","Western Conf First Round","1995-1996",5,"Western","First","Seattle SuperSonics","Sacramento Kings",1,8,3,1,TRUE,"/teams/SEA/1996.html","/teams/SAC/1996.html"
"1996","Western Conf First Round","1995-1996",5,"Western","First","Utah Jazz","Portland Trail Blazers",3,6,3,2,TRUE,"/teams/UTA/1996.html","/teams/POR/1996.html"
"1996","Eastern Conf Semifinals","1995-1996",7,"Eastern","Semifinals","Chicago Bulls","New York Knicks",1,5,4,1,TRUE,"/teams/CHI/1996.html","/teams/NYK/1996.html"
"1996","Eastern Conf Semifinals","1995-1996",7,"Eastern","Semifinals","Orlando Magic","Atlanta Hawks",2,6,4,1,TRUE,"/teams/ORL/1996.html","/teams/ATL/1996.html"
"1996","Western Conf Semifinals","1995-1996",7,"Western","Semifinals","Seattle SuperSonics","Houston Rockets",1,5,4,0,TRUE,"/teams/SEA/1996.html","/teams/HOU/1996.html"
"1996","Western Conf Semifinals","1995-1996",7,"Western","Semifinals","San Antonio Spurs","Utah Jazz",2,3,2,4,FALSE,"/teams/SAS/1996.html","/teams/UTA/1996.html"
"1996","Eastern Conf Finals","1995-1996",7,"Eastern","Finals","Chicago Bulls","Orlando Magic",1,2,4,0,TRUE,"/teams/CHI/1996.html","/teams/ORL/1996.html"
"1996","Western Conf Finals","1995-1996",7,"Western","Finals","Seattle SuperSonics","Utah Jazz",1,3,4,3,TRUE,"/teams/SEA/1996.html","/teams/UTA/1996.html"
"1995","Eastern Conf First Round","1994-1995",5,"Eastern","First","Charlotte Hornets","Chicago Bulls",4,5,1,3,FALSE,"/teams/CHH/1995.html","/teams/CHI/1995.html"
"1995","Eastern Conf First Round","1994-1995",5,"Eastern","First","Indiana Pacers","Atlanta Hawks",2,7,3,0,TRUE,"/teams/IND/1995.html","/teams/ATL/1995.html"
"1995","Eastern Conf First Round","1994-1995",5,"Eastern","First","New York Knicks","Cleveland Cavaliers",3,6,3,1,TRUE,"/teams/NYK/1995.html","/teams/CLE/1995.html"
"1995","Eastern Conf First Round","1994-1995",5,"Eastern","First","Orlando Magic","Boston Celtics",1,8,3,1,TRUE,"/teams/ORL/1995.html","/teams/BOS/1995.html"
"1995","Western Conf First Round","1994-1995",5,"Western","First","Utah Jazz","Houston Rockets",3,6,2,3,FALSE,"/teams/UTA/1995.html","/teams/HOU/1995.html"
"1995","Western Conf First Round","1994-1995",5,"Western","First","Seattle SuperSonics","Los Angeles Lakers",4,5,1,3,FALSE,"/teams/SEA/1995.html","/teams/LAL/1995.html"
"1995","Western Conf First Round","1994-1995",5,"Western","First","Phoenix Suns","Portland Trail Blazers",2,7,3,0,TRUE,"/teams/PHO/1995.html","/teams/POR/1995.html"
"1995","Western Conf First Round","1994-1995",5,"Western","First","San Antonio Spurs","Denver Nuggets",1,8,3,0,TRUE,"/teams/SAS/1995.html","/teams/DEN/1995.html"
"1995","Eastern Conf Semifinals","1994-1995",7,"Eastern","Semifinals","Indiana Pacers","New York Knicks",2,3,4,3,TRUE,"/teams/IND/1995.html","/teams/NYK/1995.html"
"1995","Eastern Conf Semifinals","1994-1995",7,"Eastern","Semifinals","Orlando Magic","Chicago Bulls",1,5,4,2,TRUE,"/teams/ORL/1995.html","/teams/CHI/1995.html"
"1995","Western Conf Semifinals","1994-1995",7,"Western","Semifinals","Phoenix Suns","Houston Rockets",2,6,3,4,FALSE,"/teams/PHO/1995.html","/teams/HOU/1995.html"
"1995","Western Conf Semifinals","1994-1995",7,"Western","Semifinals","San Antonio Spurs","Los Angeles Lakers",1,5,4,2,TRUE,"/teams/SAS/1995.html","/teams/LAL/1995.html"
"1995","Eastern Conf Finals","1994-1995",7,"Eastern","Finals","Orlando Magic","Indiana Pacers",1,2,4,3,TRUE,"/teams/ORL/1995.html","/teams/IND/1995.html"
"1995","Western Conf Finals","1994-1995",7,"Western","Finals","San Antonio Spurs","Houston Rockets",1,6,2,4,FALSE,"/teams/SAS/1995.html","/teams/HOU/1995.html"
"1994","Eastern Conf First Round","1993-1994",5,"Eastern","First","Atlanta Hawks","Miami Heat",1,8,3,2,TRUE,"/teams/ATL/1994.html","/teams/MIA/1994.html"
"1994","Eastern Conf First Round","1993-1994",5,"Eastern","First","Chicago Bulls","Cleveland Cavaliers",3,6,3,0,TRUE,"/teams/CHI/1994.html","/teams/CLE/1994.html"
"1994","Eastern Conf First Round","1993-1994",5,"Eastern","First","Orlando Magic","Indiana Pacers",4,5,0,3,FALSE,"/teams/ORL/1994.html","/teams/IND/1994.html"
"1994","Eastern Conf First Round","1993-1994",5,"Eastern","First","New York Knicks","New Jersey Nets",2,7,3,1,TRUE,"/teams/NYK/1994.html","/teams/NJN/1994.html"
"1994","Western Conf First Round","1993-1994",5,"Western","First","Seattle SuperSonics","Denver Nuggets",1,8,2,3,FALSE,"/teams/SEA/1994.html","/teams/DEN/1994.html"
"1994","Western Conf First Round","1993-1994",5,"Western","First","Houston Rockets","Portland Trail Blazers",2,7,3,1,TRUE,"/teams/HOU/1994.html","/teams/POR/1994.html"
"1994","Western Conf First Round","1993-1994",5,"Western","First","Phoenix Suns","Golden State Warriors",3,6,3,0,TRUE,"/teams/PHO/1994.html","/teams/GSW/1994.html"
"1994","Western Conf First Round","1993-1994",5,"Western","First","San Antonio Spurs","Utah Jazz",4,5,1,3,FALSE,"/teams/SAS/1994.html","/teams/UTA/1994.html"
"1994","Eastern Conf Semifinals","1993-1994",7,"Eastern","Semifinals","Atlanta Hawks","Indiana Pacers",1,5,2,4,FALSE,"/teams/ATL/1994.html","/teams/IND/1994.html"
"1994","Eastern Conf Semifinals","1993-1994",7,"Eastern","Semifinals","New York Knicks","Chicago Bulls",2,3,4,3,TRUE,"/teams/NYK/1994.html","/teams/CHI/1994.html"
"1994","Western Conf Semifinals","1993-1994",7,"Western","Semifinals","Houston Rockets","Phoenix Suns",2,3,4,3,TRUE,"/teams/HOU/1994.html","/teams/PHO/1994.html"
"1994","Western Conf Semifinals","1993-1994",7,"Western","Semifinals","Utah Jazz","Denver Nuggets",5,8,4,3,TRUE,"/teams/UTA/1994.html","/teams/DEN/1994.html"
"1994","Eastern Conf Finals","1993-1994",7,"Eastern","Finals","New York Knicks","Indiana Pacers",2,5,4,3,TRUE,"/teams/NYK/1994.html","/teams/IND/1994.html"
"1994","Western Conf Finals","1993-1994",7,"Western","Finals","Houston Rockets","Utah Jazz",2,5,4,1,TRUE,"/teams/HOU/1994.html","/teams/UTA/1994.html"
"1993","Eastern Conf First Round","1992-1993",5,"Eastern","First","Boston Celtics","Charlotte Hornets",4,5,1,3,FALSE,"/teams/BOS/1993.html","/teams/CHH/1993.html"
"1993","Eastern Conf First Round","1992-1993",5,"Eastern","First","Chicago Bulls","Atlanta Hawks",2,7,3,0,TRUE,"/teams/CHI/1993.html","/teams/ATL/1993.html"
"1993","Eastern Conf First Round","1992-1993",5,"Eastern","First","Cleveland Cavaliers","New Jersey Nets",3,6,3,2,TRUE,"/teams/CLE/1993.html","/teams/NJN/1993.html"
"1993","Eastern Conf First Round","1992-1993",5,"Eastern","First","New York Knicks","Indiana Pacers",1,8,3,1,TRUE,"/teams/NYK/1993.html","/teams/IND/1993.html"
"1993","Western Conf First Round","1992-1993",5,"Western","First","Houston Rockets","Los Angeles Clippers",2,7,3,2,TRUE,"/teams/HOU/1993.html","/teams/LAC/1993.html"
"1993","Western Conf First Round","1992-1993",5,"Western","First","Phoenix Suns","Los Angeles Lakers",1,8,3,2,TRUE,"/teams/PHO/1993.html","/teams/LAL/1993.html"
"1993","Western Conf First Round","1992-1993",5,"Western","First","Portland Trail Blazers","San Antonio Spurs",4,5,1,3,FALSE,"/teams/POR/1993.html","/teams/SAS/1993.html"
"1993","Western Conf First Round","1992-1993",5,"Western","First","Seattle SuperSonics","Utah Jazz",3,6,3,2,TRUE,"/teams/SEA/1993.html","/teams/UTA/1993.html"
"1993","Eastern Conf Semifinals","1992-1993",7,"Eastern","Semifinals","Chicago Bulls","Cleveland Cavaliers",2,3,4,0,TRUE,"/teams/CHI/1993.html","/teams/CLE/1993.html"
"1993","Eastern Conf Semifinals","1992-1993",7,"Eastern","Semifinals","New York Knicks","Charlotte Hornets",1,5,4,1,TRUE,"/teams/NYK/1993.html","/teams/CHH/1993.html"
"1993","Western Conf Semifinals","1992-1993",7,"Western","Semifinals","Phoenix Suns","San Antonio Spurs",1,5,4,2,TRUE,"/teams/PHO/1993.html","/teams/SAS/1993.html"
"1993","Western Conf Semifinals","1992-1993",7,"Western","Semifinals","Houston Rockets","Seattle SuperSonics",2,3,3,4,FALSE,"/teams/HOU/1993.html","/teams/SEA/1993.html"
"1993","Eastern Conf Finals","1992-1993",7,"Eastern","Finals","New York Knicks","Chicago Bulls",1,2,2,4,FALSE,"/teams/NYK/1993.html","/teams/CHI/1993.html"
"1993","Western Conf Finals","1992-1993",7,"Western","Finals","Phoenix Suns","Seattle SuperSonics",1,3,4,3,TRUE,"/teams/PHO/1993.html","/teams/SEA/1993.html"
"1992","Eastern Conf First Round","1991-1992",5,"Eastern","First","Boston Celtics","Indiana Pacers",2,7,3,0,TRUE,"/teams/BOS/1992.html","/teams/IND/1992.html"
"1992","Eastern Conf First Round","1991-1992",5,"Eastern","First","Chicago Bulls","Miami Heat",1,8,3,0,TRUE,"/teams/CHI/1992.html","/teams/MIA/1992.html"
"1992","Eastern Conf First Round","1991-1992",5,"Eastern","First","Cleveland Cavaliers","New Jersey Nets",3,6,3,1,TRUE,"/teams/CLE/1992.html","/teams/NJN/1992.html"
"1992","Eastern Conf First Round","1991-1992",5,"Eastern","First","New York Knicks","Detroit Pistons",4,5,3,2,TRUE,"/teams/NYK/1992.html","/teams/DET/1992.html"
"1992","Western Conf First Round","1991-1992",5,"Western","First","Phoenix Suns","San Antonio Spurs",4,5,3,0,TRUE,"/teams/PHO/1992.html","/teams/SAS/1992.html"
"1992","Western Conf First Round","1991-1992",5,"Western","First","Portland Trail Blazers","Los Angeles Lakers",1,8,3,1,TRUE,"/teams/POR/1992.html","/teams/LAL/1992.html"
"1992","Western Conf First Round","1991-1992",5,"Western","First","Golden State Warriors","Seattle SuperSonics",3,6,1,3,FALSE,"/teams/GSW/1992.html","/teams/SEA/1992.html"
"1992","Western Conf First Round","1991-1992",5,"Western","First","Utah Jazz","Los Angeles Clippers",2,7,3,2,TRUE,"/teams/UTA/1992.html","/teams/LAC/1992.html"
"1992","Eastern Conf Semifinals","1991-1992",7,"Eastern","Semifinals","Chicago Bulls","New York Knicks",1,4,4,3,TRUE,"/teams/CHI/1992.html","/teams/NYK/1992.html"
"1992","Eastern Conf Semifinals","1991-1992",7,"Eastern","Semifinals","Boston Celtics","Cleveland Cavaliers",2,3,3,4,FALSE,"/teams/BOS/1992.html","/teams/CLE/1992.html"
"1992","Western Conf Semifinals","1991-1992",7,"Western","Semifinals","Portland Trail Blazers","Phoenix Suns",1,4,4,1,TRUE,"/teams/POR/1992.html","/teams/PHO/1992.html"
"1992","Western Conf Semifinals","1991-1992",7,"Western","Semifinals","Utah Jazz","Seattle SuperSonics",2,6,4,1,TRUE,"/teams/UTA/1992.html","/teams/SEA/1992.html"
"1992","Eastern Conf Finals","1991-1992",7,"Eastern","Finals","Chicago Bulls","Cleveland Cavaliers",1,3,4,2,TRUE,"/teams/CHI/1992.html","/teams/CLE/1992.html"
"1992","Western Conf Finals","1991-1992",7,"Western","Finals","Portland Trail Blazers","Utah Jazz",1,2,4,2,TRUE,"/teams/POR/1992.html","/teams/UTA/1992.html"
"1991","Eastern Conf First Round","1990-1991",5,"Eastern","First","Boston Celtics","Indiana Pacers",2,7,3,2,TRUE,"/teams/BOS/1991.html","/teams/IND/1991.html"
"1991","Eastern Conf First Round","1990-1991",5,"Eastern","First","Chicago Bulls","New York Knicks",1,8,3,0,TRUE,"/teams/CHI/1991.html","/teams/NYK/1991.html"
"1991","Eastern Conf First Round","1990-1991",5,"Eastern","First","Detroit Pistons","Atlanta Hawks",3,6,3,2,TRUE,"/teams/DET/1991.html","/teams/ATL/1991.html"
"1991","Eastern Conf First Round","1990-1991",5,"Eastern","First","Milwaukee Bucks","Philadelphia 76ers",4,5,0,3,FALSE,"/teams/MIL/1991.html","/teams/PHI/1991.html"
"1991","Western Conf First Round","1990-1991",5,"Western","First","San Antonio Spurs","Golden State Warriors",2,7,1,3,FALSE,"/teams/SAS/1991.html","/teams/GSW/1991.html"
"1991","Western Conf First Round","1990-1991",5,"Western","First","Los Angeles Lakers","Houston Rockets",3,6,3,0,TRUE,"/teams/LAL/1991.html","/teams/HOU/1991.html"
"1991","Western Conf First Round","1990-1991",5,"Western","First","Portland Trail Blazers","Seattle SuperSonics",1,8,3,2,TRUE,"/teams/POR/1991.html","/teams/SEA/1991.html"
"1991","Western Conf First Round","1990-1991",5,"Western","First","Phoenix Suns","Utah Jazz",4,5,1,3,FALSE,"/teams/PHO/1991.html","/teams/UTA/1991.html"
"1991","Eastern Conf Semifinals","1990-1991",7,"Eastern","Semifinals","Chicago Bulls","Philadelphia 76ers",1,5,4,1,TRUE,"/teams/CHI/1991.html","/teams/PHI/1991.html"
"1991","Eastern Conf Semifinals","1990-1991",7,"Eastern","Semifinals","Boston Celtics","Detroit Pistons",2,3,2,4,FALSE,"/teams/BOS/1991.html","/teams/DET/1991.html"
"1991","Western Conf Semifinals","1990-1991",7,"Western","Semifinals","Los Angeles Lakers","Golden State Warriors",3,7,4,1,TRUE,"/teams/LAL/1991.html","/teams/GSW/1991.html"
"1991","Western Conf Semifinals","1990-1991",7,"Western","Semifinals","Portland Trail Blazers","Utah Jazz",1,5,4,1,TRUE,"/teams/POR/1991.html","/teams/UTA/1991.html"
"1991","Eastern Conf Finals","1990-1991",7,"Eastern","Finals","Chicago Bulls","Detroit Pistons",1,3,4,0,TRUE,"/teams/CHI/1991.html","/teams/DET/1991.html"
"1991","Western Conf Finals","1990-1991",7,"Western","Finals","Portland Trail Blazers","Los Angeles Lakers",1,3,2,4,FALSE,"/teams/POR/1991.html","/teams/LAL/1991.html"
"1990","Eastern Conf First Round","1989-1990",5,"Eastern","First","Chicago Bulls","Milwaukee Bucks",3,6,3,1,TRUE,"/teams/CHI/1990.html","/teams/MIL/1990.html"
"1990","Eastern Conf First Round","1989-1990",5,"Eastern","First","Detroit Pistons","Indiana Pacers",1,8,3,0,TRUE,"/teams/DET/1990.html","/teams/IND/1990.html"
"1990","Eastern Conf First Round","1989-1990",5,"Eastern","First","Boston Celtics","New York Knicks",4,5,2,3,FALSE,"/teams/BOS/1990.html","/teams/NYK/1990.html"
"1990","Eastern Conf First Round","1989-1990",5,"Eastern","First","Philadelphia 76ers","Cleveland Cavaliers",2,7,3,2,TRUE,"/teams/PHI/1990.html","/teams/CLE/1990.html"
"1990","Western Conf First Round","1989-1990",5,"Western","First","Los Angeles Lakers","Houston Rockets",1,8,3,1,TRUE,"/teams/LAL/1990.html","/teams/HOU/1990.html"
"1990","Western Conf First Round","1989-1990",5,"Western","First","Utah Jazz","Phoenix Suns",4,5,2,3,FALSE,"/teams/UTA/1990.html","/teams/PHO/1990.html"
"1990","Western Conf First Round","1989-1990",5,"Western","First","Portland Trail Blazers","Dallas Mavericks",3,6,3,0,TRUE,"/teams/POR/1990.html","/teams/DAL/1990.html"
"1990","Western Conf First Round","1989-1990",5,"Western","First","San Antonio Spurs","Denver Nuggets",2,7,3,0,TRUE,"/teams/SAS/1990.html","/teams/DEN/1990.html"
"1990","Eastern Conf Semifinals","1989-1990",7,"Eastern","Semifinals","Philadelphia 76ers","Chicago Bulls",2,3,1,4,FALSE,"/teams/PHI/1990.html","/teams/CHI/1990.html"
"1990","Eastern Conf Semifinals","1989-1990",7,"Eastern","Semifinals","Detroit Pistons","New York Knicks",1,5,4,1,TRUE,"/teams/DET/1990.html","/teams/NYK/1990.html"
"1990","Western Conf Semifinals","1989-1990",7,"Western","Semifinals","Los Angeles Lakers","Phoenix Suns",1,5,1,4,FALSE,"/teams/LAL/1990.html","/teams/PHO/1990.html"
"1990","Western Conf Semifinals","1989-1990",7,"Western","Semifinals","San Antonio Spurs","Portland Trail Blazers",2,3,3,4,FALSE,"/teams/SAS/1990.html","/teams/POR/1990.html"
"1990","Eastern Conf Finals","1989-1990",7,"Eastern","Finals","Detroit Pistons","Chicago Bulls",1,3,4,3,TRUE,"/teams/DET/1990.html","/teams/CHI/1990.html"
"1990","Western Conf Finals","1989-1990",7,"Western","Finals","Portland Trail Blazers","Phoenix Suns",3,5,4,2,TRUE,"/teams/POR/1990.html","/teams/PHO/1990.html"
"1989","Eastern Conf First Round","1988-1989",5,"Eastern","First","Cleveland Cavaliers","Chicago Bulls",3,6,2,3,FALSE,"/teams/CLE/1989.html","/teams/CHI/1989.html"
"1989","Eastern Conf First Round","1988-1989",5,"Eastern","First","Detroit Pistons","Boston Celtics",1,8,3,0,TRUE,"/teams/DET/1989.html","/teams/BOS/1989.html"
"1989","Eastern Conf First Round","1988-1989",5,"Eastern","First","Atlanta Hawks","Milwaukee Bucks",4,5,2,3,FALSE,"/teams/ATL/1989.html","/teams/MIL/1989.html"
"1989","Eastern Conf First Round","1988-1989",5,"Eastern","First","New York Knicks","Philadelphia 76ers",2,7,3,0,TRUE,"/teams/NYK/1989.html","/teams/PHI/1989.html"
"1989","Western Conf First Round","1988-1989",5,"Western","First","Utah Jazz","Golden State Warriors",2,7,0,3,FALSE,"/teams/UTA/1989.html","/teams/GSW/1989.html"
"1989","Western Conf First Round","1988-1989",5,"Western","First","Los Angeles Lakers","Portland Trail Blazers",1,8,3,0,TRUE,"/teams/LAL/1989.html","/teams/POR/1989.html"
"1989","Western Conf First Round","1988-1989",5,"Western","First","Phoenix Suns","Denver Nuggets",3,6,3,0,TRUE,"/teams/PHO/1989.html","/teams/DEN/1989.html"
"1989","Western Conf First Round","1988-1989",5,"Western","First","Seattle SuperSonics","Houston Rockets",4,5,3,1,TRUE,"/teams/SEA/1989.html","/teams/HOU/1989.html"
"1989","Eastern Conf Semifinals","1988-1989",7,"Eastern","Semifinals","New York Knicks","Chicago Bulls",2,6,2,4,FALSE,"/teams/NYK/1989.html","/teams/CHI/1989.html"
"1989","Eastern Conf Semifinals","1988-1989",7,"Eastern","Semifinals","Detroit Pistons","Milwaukee Bucks",1,5,4,0,TRUE,"/teams/DET/1989.html","/teams/MIL/1989.html"
"1989","Western Conf Semifinals","1988-1989",7,"Western","Semifinals","Los Angeles Lakers","Seattle SuperSonics",1,4,4,0,TRUE,"/teams/LAL/1989.html","/teams/SEA/1989.html"
"1989","Western Conf Semifinals","1988-1989",7,"Western","Semifinals","Phoenix Suns","Golden State Warriors",3,7,4,1,TRUE,"/teams/PHO/1989.html","/teams/GSW/1989.html"
"1989","Eastern Conf Finals","1988-1989",7,"Eastern","Finals","Detroit Pistons","Chicago Bulls",1,6,4,2,TRUE,"/teams/DET/1989.html","/teams/CHI/1989.html"
"1989","Western Conf Finals","1988-1989",7,"Western","Finals","Los Angeles Lakers","Phoenix Suns",1,3,4,0,TRUE,"/teams/LAL/1989.html","/teams/PHO/1989.html"
"1988","Eastern Conf First Round","1987-1988",5,"Eastern","First","Atlanta Hawks","Milwaukee Bucks",4,5,3,2,TRUE,"/teams/ATL/1988.html","/teams/MIL/1988.html"
"1988","Eastern Conf First Round","1987-1988",5,"Eastern","First","Boston Celtics","New York Knicks",1,8,3,1,TRUE,"/teams/BOS/1988.html","/teams/NYK/1988.html"
"1988","Eastern Conf First Round","1987-1988",5,"Eastern","First","Chicago Bulls","Cleveland Cavaliers",3,6,3,2,TRUE,"/teams/CHI/1988.html","/teams/CLE/1988.html"
"1988","Eastern Conf First Round","1987-1988",5,"Eastern","First","Detroit Pistons","Washington Bullets",2,7,3,2,TRUE,"/teams/DET/1988.html","/teams/WSB/1988.html"
"1988","Western Conf First Round","1987-1988",5,"Western","First","Dallas Mavericks","Houston Rockets",3,6,3,1,TRUE,"/teams/DAL/1988.html","/teams/HOU/1988.html"
"1988","Western Conf First Round","1987-1988",5,"Western","First","Denver Nuggets","Seattle SuperSonics",2,7,3,2,TRUE,"/teams/DEN/1988.html","/teams/SEA/1988.html"
"1988","Western Conf First Round","1987-1988",5,"Western","First","Los Angeles Lakers","San Antonio Spurs",1,8,3,0,TRUE,"/teams/LAL/1988.html","/teams/SAS/1988.html"
"1988","Western Conf First Round","1987-1988",5,"Western","First","Portland Trail Blazers","Utah Jazz",4,5,1,3,FALSE,"/teams/POR/1988.html","/teams/UTA/1988.html"
"1988","Eastern Conf Semifinals","1987-1988",7,"Eastern","Semifinals","Boston Celtics","Atlanta Hawks",1,4,4,3,TRUE,"/teams/BOS/1988.html","/teams/ATL/1988.html"
"1988","Eastern Conf Semifinals","1987-1988",7,"Eastern","Semifinals","Detroit Pistons","Chicago Bulls",2,3,4,1,TRUE,"/teams/DET/1988.html","/teams/CHI/1988.html"
"1988","Western Conf Semifinals","1987-1988",7,"Western","Semifinals","Denver Nuggets","Dallas Mavericks",2,3,2,4,FALSE,"/teams/DEN/1988.html","/teams/DAL/1988.html"
"1988","Western Conf Semifinals","1987-1988",7,"Western","Semifinals","Los Angeles Lakers","Utah Jazz",1,5,4,3,TRUE,"/teams/LAL/1988.html","/teams/UTA/1988.html"
"1988","Eastern Conf Finals","1987-1988",7,"Eastern","Finals","Boston Celtics","Detroit Pistons",1,2,2,4,FALSE,"/teams/BOS/1988.html","/teams/DET/1988.html"
"1988","Western Conf Finals","1987-1988",7,"Western","Finals","Los Angeles Lakers","Dallas Mavericks",1,3,4,3,TRUE,"/teams/LAL/1988.html","/teams/DAL/1988.html"
"1987","Eastern Conf First Round","1986-1987",5,"Eastern","First","Atlanta Hawks","Indiana Pacers",2,7,3,1,TRUE,"/teams/ATL/1987.html","/teams/IND/1987.html"
"1987","Eastern Conf First Round","1986-1987",5,"Eastern","First","Boston Celtics","Chicago Bulls",1,8,3,0,TRUE,"/teams/BOS/1987.html","/teams/CHI/1987.html"
"1987","Eastern Conf First Round","1986-1987",5,"Eastern","First","Detroit Pistons","Washington Bullets",3,6,3,0,TRUE,"/teams/DET/1987.html","/teams/WSB/1987.html"
"1987","Eastern Conf First Round","1986-1987",5,"Eastern","First","Milwaukee Bucks","Philadelphia 76ers",4,5,3,2,TRUE,"/teams/MIL/1987.html","/teams/PHI/1987.html"
"1987","Western Conf First Round","1986-1987",5,"Western","First","Utah Jazz","Golden State Warriors",4,5,2,3,FALSE,"/teams/UTA/1987.html","/teams/GSW/1987.html"
"1987","Western Conf First Round","1986-1987",5,"Western","First","Portland Trail Blazers","Houston Rockets",3,6,1,3,FALSE,"/teams/POR/1987.html","/teams/HOU/1987.html"
"1987","Western Conf First Round","1986-1987",5,"Western","First","Los Angeles Lakers","Denver Nuggets",1,8,3,0,TRUE,"/teams/LAL/1987.html","/teams/DEN/1987.html"
"1987","Western Conf First Round","1986-1987",5,"Western","First","Dallas Mavericks","Seattle SuperSonics",2,7,1,3,FALSE,"/teams/DAL/1987.html","/teams/SEA/1987.html"
"1987","Eastern Conf Semifinals","1986-1987",7,"Eastern","Semifinals","Boston Celtics","Milwaukee Bucks",1,4,4,3,TRUE,"/teams/BOS/1987.html","/teams/MIL/1987.html"
"1987","Eastern Conf Semifinals","1986-1987",7,"Eastern","Semifinals","Atlanta Hawks","Detroit Pistons",2,3,1,4,FALSE,"/teams/ATL/1987.html","/teams/DET/1987.html"
"1987","Western Conf Semifinals","1986-1987",7,"Western","Semifinals","Los Angeles Lakers","Golden State Warriors",1,5,4,1,TRUE,"/teams/LAL/1987.html","/teams/GSW/1987.html"
"1987","Western Conf Semifinals","1986-1987",7,"Western","Semifinals","Houston Rockets","Seattle SuperSonics",6,7,2,4,FALSE,"/teams/HOU/1987.html","/teams/SEA/1987.html"
"1987","Eastern Conf Finals","1986-1987",7,"Eastern","Finals","Boston Celtics","Detroit Pistons",1,3,4,3,TRUE,"/teams/BOS/1987.html","/teams/DET/1987.html"
"1987","Western Conf Finals","1986-1987",7,"Western","Finals","Los Angeles Lakers","Seattle SuperSonics",1,7,4,0,TRUE,"/teams/LAL/1987.html","/teams/SEA/1987.html"
"1986","Eastern Conf First Round","1985-1986",5,"Eastern","First","Atlanta Hawks","Detroit Pistons",4,5,3,1,TRUE,"/teams/ATL/1986.html","/teams/DET/1986.html"
"1986","Eastern Conf First Round","1985-1986",5,"Eastern","First","Boston Celtics","Chicago Bulls",1,8,3,0,TRUE,"/teams/BOS/1986.html","/teams/CHI/1986.html"
"1986","Eastern Conf First Round","1985-1986",5,"Eastern","First","Milwaukee Bucks","New Jersey Nets",2,7,3,0,TRUE,"/teams/MIL/1986.html","/teams/NJN/1986.html"
"1986","Eastern Conf First Round","1985-1986",5,"Eastern","First","Philadelphia 76ers","Washington Bullets",3,6,3,2,TRUE,"/teams/PHI/1986.html","/teams/WSB/1986.html"
"1986","Western Conf First Round","1985-1986",5,"Western","First","Dallas Mavericks","Utah Jazz",4,5,3,1,TRUE,"/teams/DAL/1986.html","/teams/UTA/1986.html"
"1986","Western Conf First Round","1985-1986",5,"Western","First","Denver Nuggets","Portland Trail Blazers",3,6,3,1,TRUE,"/teams/DEN/1986.html","/teams/POR/1986.html"
"1986","Western Conf First Round","1985-1986",5,"Western","First","Houston Rockets","Sacramento Kings",2,7,3,0,TRUE,"/teams/HOU/1986.html","/teams/SAC/1986.html"
"1986","Western Conf First Round","1985-1986",5,"Western","First","Los Angeles Lakers","San Antonio Spurs",1,8,3,0,TRUE,"/teams/LAL/1986.html","/teams/SAS/1986.html"
"1986","Eastern Conf Semifinals","1985-1986",7,"Eastern","Semifinals","Boston Celtics","Atlanta Hawks",1,4,4,1,TRUE,"/teams/BOS/1986.html","/teams/ATL/1986.html"
"1986","Eastern Conf Semifinals","1985-1986",7,"Eastern","Semifinals","Milwaukee Bucks","Philadelphia 76ers",2,3,4,3,TRUE,"/teams/MIL/1986.html","/teams/PHI/1986.html"
"1986","Western Conf Semifinals","1985-1986",7,"Western","Semifinals","Houston Rockets","Denver Nuggets",2,3,4,2,TRUE,"/teams/HOU/1986.html","/teams/DEN/1986.html"
"1986","Western Conf Semifinals","1985-1986",7,"Western","Semifinals","Los Angeles Lakers","Dallas Mavericks",1,4,4,2,TRUE,"/teams/LAL/1986.html","/teams/DAL/1986.html"
"1986","Eastern Conf Finals","1985-1986",7,"Eastern","Finals","Boston Celtics","Milwaukee Bucks",1,2,4,0,TRUE,"/teams/BOS/1986.html","/teams/MIL/1986.html"
"1986","Western Conf Finals","1985-1986",7,"Western","Finals","Los Angeles Lakers","Houston Rockets",1,2,1,4,FALSE,"/teams/LAL/1986.html","/teams/HOU/1986.html"
"1985","Eastern Conf First Round","1984-1985",5,"Eastern","First","Boston Celtics","Cleveland Cavaliers",1,8,3,1,TRUE,"/teams/BOS/1985.html","/teams/CLE/1985.html"
"1985","Eastern Conf First Round","1984-1985",5,"Eastern","First","Detroit Pistons","New Jersey Nets",4,5,3,0,TRUE,"/teams/DET/1985.html","/teams/NJN/1985.html"
"1985","Eastern Conf First Round","1984-1985",5,"Eastern","First","Milwaukee Bucks","Chicago Bulls",2,7,3,1,TRUE,"/teams/MIL/1985.html","/teams/CHI/1985.html"
"1985","Eastern Conf First Round","1984-1985",5,"Eastern","First","Philadelphia 76ers","Washington Bullets",3,6,3,1,TRUE,"/teams/PHI/1985.html","/teams/WSB/1985.html"
"1985","Western Conf First Round","1984-1985",5,"Western","First","Denver Nuggets","San Antonio Spurs",2,7,3,2,TRUE,"/teams/DEN/1985.html","/teams/SAS/1985.html"
"1985","Western Conf First Round","1984-1985",5,"Western","First","Los Angeles Lakers","Phoenix Suns",1,8,3,0,TRUE,"/teams/LAL/1985.html","/teams/PHO/1985.html"
"1985","Western Conf First Round","1984-1985",5,"Western","First","Dallas Mavericks","Portland Trail Blazers",4,5,1,3,FALSE,"/teams/DAL/1985.html","/teams/POR/1985.html"
"1985","Western Conf First Round","1984-1985",5,"Western","First","Houston Rockets","Utah Jazz",3,6,2,3,FALSE,"/teams/HOU/1985.html","/teams/UTA/1985.html"
"1985","Eastern Conf Semifinals","1984-1985",7,"Eastern","Semifinals","Boston Celtics","Detroit Pistons",1,4,4,2,TRUE,"/teams/BOS/1985.html","/teams/DET/1985.html"
"1985","Eastern Conf Semifinals","1984-1985",7,"Eastern","Semifinals","Milwaukee Bucks","Philadelphia 76ers",2,3,0,4,FALSE,"/teams/MIL/1985.html","/teams/PHI/1985.html"
"1985","Western Conf Semifinals","1984-1985",7,"Western","Semifinals","Denver Nuggets","Utah Jazz",2,6,4,1,TRUE,"/teams/DEN/1985.html","/teams/UTA/1985.html"
"1985","Western Conf Semifinals","1984-1985",7,"Western","Semifinals","Los Angeles Lakers","Portland Trail Blazers",1,5,4,1,TRUE,"/teams/LAL/1985.html","/teams/POR/1985.html"
"1985","Eastern Conf Finals","1984-1985",7,"Eastern","Finals","Boston Celtics","Philadelphia 76ers",1,3,4,1,TRUE,"/teams/BOS/1985.html","/teams/PHI/1985.html"
"1985","Western Conf Finals","1984-1985",7,"Western","Finals","Los Angeles Lakers","Denver Nuggets",1,2,4,1,TRUE,"/teams/LAL/1985.html","/teams/DEN/1985.html"
"1984","Eastern Conf First Round","1983-1984",5,"Eastern","First","Boston Celtics","Washington Bullets",1,8,3,1,TRUE,"/teams/BOS/1984.html","/teams/WSB/1984.html"
"1984","Eastern Conf First Round","1983-1984",5,"Eastern","First","Milwaukee Bucks","Atlanta Hawks",2,7,3,2,TRUE,"/teams/MIL/1984.html","/teams/ATL/1984.html"
"1984","Eastern Conf First Round","1983-1984",5,"Eastern","First","Philadelphia 76ers","New Jersey Nets",3,6,2,3,FALSE,"/teams/PHI/1984.html","/teams/NJN/1984.html"
"1984","Eastern Conf First Round","1983-1984",5,"Eastern","First","Detroit Pistons","New York Knicks",4,5,2,3,FALSE,"/teams/DET/1984.html","/teams/NYK/1984.html"
"1984","Western Conf First Round","1983-1984",5,"Western","First","Dallas Mavericks","Seattle SuperSonics",4,5,3,2,TRUE,"/teams/DAL/1984.html","/teams/SEA/1984.html"
"1984","Western Conf First Round","1983-1984",5,"Western","First","Los Angeles Lakers","Kansas City Kings",1,8,3,0,TRUE,"/teams/LAL/1984.html","/teams/KCK/1984.html"
"1984","Western Conf First Round","1983-1984",5,"Western","First","Portland Trail Blazers","Phoenix Suns",3,6,2,3,FALSE,"/teams/POR/1984.html","/teams/PHO/1984.html"
"1984","Western Conf First Round","1983-1984",5,"Western","First","Utah Jazz","Denver Nuggets",2,7,3,2,TRUE,"/teams/UTA/1984.html","/teams/DEN/1984.html"
"1984","Eastern Conf Semifinals","1983-1984",7,"Eastern","Semifinals","Boston Celtics","New York Knicks",1,5,4,3,TRUE,"/teams/BOS/1984.html","/teams/NYK/1984.html"
"1984","Eastern Conf Semifinals","1983-1984",7,"Eastern","Semifinals","Milwaukee Bucks","New Jersey Nets",2,6,4,2,TRUE,"/teams/MIL/1984.html","/teams/NJN/1984.html"
"1984","Western Conf Semifinals","1983-1984",7,"Western","Semifinals","Los Angeles Lakers","Dallas Mavericks",1,4,4,1,TRUE,"/teams/LAL/1984.html","/teams/DAL/1984.html"
"1984","Western Conf Semifinals","1983-1984",7,"Western","Semifinals","Utah Jazz","Phoenix Suns",2,6,2,4,FALSE,"/teams/UTA/1984.html","/teams/PHO/1984.html"
"1984","Eastern Conf Finals","1983-1984",7,"Eastern","Finals","Boston Celtics","Milwaukee Bucks",1,2,4,1,TRUE,"/teams/BOS/1984.html","/teams/MIL/1984.html"
"1984","Western Conf Finals","1983-1984",7,"Western","Finals","Los Angeles Lakers","Phoenix Suns",1,6,4,2,TRUE,"/teams/LAL/1984.html","/teams/PHO/1984.html"
